customer_id,customer_name,segment,region
100001,Cedar Labs Co,SMB,South
100002,Solstice Consulting Group,SMB,Midwest
100003,Cedar Holdings Inc,Mid-Market,West
100004,Cedar Industries Group,SMB,West
100005,Kestrel Labs Co,Enterprise,West
100006,Lumen Industries,SMB,South
100007,Nightshade Consulting LLC,SMB,South
100008,Coppertop Logistics Group,SMB,Northeast
100009,Lumen Partners LLC,Enterprise,South
100010,Marlowe Systems LLC,Enterprise,Midwest
100011,Solstice Foods,SMB,South
100012,Summit Collective,SMB,Midwest
100013,Nightshade Works Inc,SMB,Midwest
100014,Driftwood Analytics Co,SMB,Midwest
100015,Juniper Retail,Mid-Market,Midwest
100016,Ridgeline Consulting Group,SMB,Northeast
100017,Highgate Labs Co,SMB,West
100018,Ironclad Retail LLC,SMB,West
100019,Amber Traders LLC,SMB,Midwest
100020,Prairie Ventures Co,SMB,Northeast
100021,Pinnacle Ventures Inc,SMB,Midwest
100022,Ridgeline Textiles Inc,SMB,Midwest
100023,Pinnacle Retail,SMB,West
100024,Amber Works,SMB,West
100025,Solstice Analytics Co,Enterprise,Midwest
100026,Amber Studios Inc,SMB,Northeast
100027,Summit Holdings Group,SMB,South
100028,Solstice Analytics Group,SMB,West
100029,Driftwood Holdings,Enterprise,Midwest
100030,Granite Labs Group,Enterprise,South
100031,Solstice Works Group,Enterprise,Midwest
100032,Coppertop Collective Inc,Mid-Market,Northeast
100033,Meadowbrook Holdings Co,Enterprise,West
100034,Prairie Works,SMB,West
100035,Marlowe Coffee Co Co,Enterprise,Midwest
100036,Lumen Labs Co,Enterprise,South
100037,Amber Holdings Inc,SMB,Midwest
100038,Lumen Systems LLC,SMB,West
100039,Redwood Systems,SMB,Northeast
100040,Prairie Foods,SMB,South
100041,Solstice Holdings Co,Enterprise,South
100042,Amber Group LLC,SMB,South
100043,Cedar Labs LLC,Mid-Market,South
100044,Fernbrook Systems LLC,Enterprise,West
100045,Cedar Systems Co,SMB,Midwest
100046,Granite Health Group,SMB,West
100047,Silver Fox Consulting Group,Mid-Market,Northeast
100048,Bluepeak Manufacturing LLC,Enterprise,West
100049,Ridgeline Group,SMB,Midwest
100050,Meadowbrook Works,SMB,West
100051,Nightshade Manufacturing Group,Mid-Market,Northeast
100052,Fenway Consulting Co,Enterprise,West
100053,Harborview Systems LLC,SMB,Northeast
100054,Lumen Dynamics Co,SMB,Northeast
100055,Wrenfield Textiles LLC,Enterprise,Midwest
100056,Marlowe Studios,SMB,South
100057,Silver Fox Coffee Co,SMB,Midwest
100058,Highgate Media Co,Mid-Market,Midwest
100059,Prairie Collective LLC,SMB,Northeast
100060,Quarrystone Analytics LLC,SMB,Midwest
100061,Highgate Media LLC,Mid-Market,South
100062,Prairie Textiles Inc,Mid-Market,Northeast
100063,Granite Holdings Co,SMB,Midwest
100064,Driftwood Retail Group,SMB,Northeast
100065,Cedar Retail,Mid-Market,Midwest
100066,Silver Fox Dynamics Inc,Mid-Market,West
100067,Pinnacle Media Co,Enterprise,Northeast
100068,Solstice Manufacturing Co,Enterprise,Midwest
100069,Ridgeline Manufacturing Co,Mid-Market,South
100070,Meadowbrook Ventures Co,Enterprise,West
100071,Solstice Ventures Inc,Enterprise,Northeast
100072,Cedar Supply LLC,SMB,West
100073,Pinnacle Analytics LLC,Enterprise,West
100074,Juniper Logistics Co,Enterprise,Midwest
100075,Granite Works LLC,SMB,South
100076,Summit Logistics LLC,SMB,Northeast
100077,Nightshade Coffee Co Co,Mid-Market,Midwest
100078,Amber Ventures Co,SMB,West
100079,Wrenfield Studios Co,Mid-Market,South
100080,Prairie Health Group,SMB,West
100081,Fernbrook Partners,SMB,Northeast
100082,Kestrel Textiles Co,SMB,Northeast
100083,Northwind Logistics LLC,Enterprise,West
100084,Ironclad Studios Co,SMB,Midwest
100085,Prairie Holdings,Mid-Market,South
100086,Ironclad Health Group Co,SMB,Northeast
100087,Ironclad Studios Group,SMB,Midwest
100088,Ridgeline Systems LLC,SMB,Midwest
100089,Silver Fox Health Group LLC,SMB,West
100090,Fenway Coffee Co,Mid-Market,Midwest
100091,Quarrystone Consulting LLC,Mid-Market,South
100092,Amber Labs,SMB,South
100093,Cedar Manufacturing LLC,SMB,Midwest
100094,Summit Media Group,Mid-Market,Midwest
100095,Fenway Solutions Inc,Mid-Market,South
100096,Summit Industries Group,SMB,Midwest
100097,Solstice Manufacturing,Enterprise,Northeast
100098,Silver Fox Works,SMB,South
100099,Oakhaven Systems,SMB,Midwest
100100,Granite Systems Inc,Mid-Market,West
100101,Harborview Partners Co,Mid-Market,Northeast
100102,Harborview Manufacturing Inc,Enterprise,Northeast
100103,Fernbrook Ventures Co,SMB,South
100104,Quarrystone Labs Inc,SMB,West
100105,Harborview Health Group Group,Mid-Market,Northeast
100106,Ridgeline Foods Inc,SMB,South
100107,Northwind Analytics LLC,SMB,West
100108,Summit Retail Inc,Mid-Market,Midwest
100109,Marlowe Media Group,SMB,Northeast
100110,Quarrystone Studios Inc,SMB,Midwest
100111,Quarrystone Partners Inc,SMB,West
100112,Driftwood Industries Group,Enterprise,South
100113,Meadowbrook Dynamics Group,SMB,Midwest
100114,Ironclad Analytics LLC,SMB,South
100115,Northwind Studios LLC,SMB,South
100116,Ridgeline Dynamics,SMB,South
100117,Oakhaven Supply Co,SMB,West
100118,Nightshade Collective Inc,Mid-Market,Northeast
100119,Oakhaven Supply LLC,SMB,Midwest
100120,Amber Studios,SMB,South
100121,Lumen Retail Co,SMB,Northeast
100122,Wrenfield Retail Group,SMB,Northeast
100123,Cedar Ventures Co,SMB,West
100124,Coppertop Manufacturing,Mid-Market,West
100125,Quarrystone Solutions Inc,Mid-Market,South
100126,Lakeside Supply,Mid-Market,South
100127,Marlowe Collective,SMB,South
100128,Kestrel Logistics Inc,Enterprise,Midwest
100129,Cobalt Ventures Group,Mid-Market,Midwest
100130,Northwind Logistics Inc,SMB,Midwest
100131,Granite Dynamics Co,SMB,West
100132,Granite Dynamics LLC,Enterprise,West
100133,Redwood Consulting,SMB,South
100134,Quarrystone Coffee Co,SMB,South
100135,Bluepeak Manufacturing,Mid-Market,South
100136,Lakeside Holdings Group,SMB,Midwest
100137,Harborview Studios LLC,Enterprise,West
100138,Pinnacle Holdings Co,SMB,South
100139,Cobalt Consulting,SMB,South
100140,Nightshade Works,SMB,Northeast
100141,Juniper Supply Co,SMB,South
100142,Marlowe Analytics LLC,Enterprise,Northeast
100143,Harborview Systems Group,Enterprise,Midwest
100144,Cedar Textiles Group,Enterprise,Northeast
100145,Granite Analytics LLC,SMB,Northeast
100146,Redwood Partners Inc,SMB,South
100147,Quarrystone Industries Inc,SMB,Midwest
100148,Quarrystone Solutions LLC,SMB,Midwest
100149,Lakeside Health Group LLC,Enterprise,West
100150,Prairie Partners Group,SMB,West
100151,Harborview Ventures,SMB,West
100152,Kestrel Consulting,SMB,Midwest
100153,Ironclad Solutions Co,Enterprise,Northeast
100154,Marlowe Consulting LLC,SMB,South
100155,Fernbrook Labs Group,Mid-Market,Midwest
100156,Lakeside Partners,Mid-Market,South
100157,Fenway Works Inc,Enterprise,Midwest
100158,Lumen Media Inc,SMB,Midwest
100159,Silver Fox Industries Co,SMB,South
100160,Driftwood Solutions Group,SMB,Northeast
100161,Kestrel Health Group Inc,Enterprise,West
100162,Wrenfield Supply Inc,Enterprise,Northeast
100163,Pinnacle Consulting,Mid-Market,West
100164,Fernbrook Dynamics Group,SMB,Northeast
100165,Fenway Consulting LLC,SMB,Northeast
100166,Meadowbrook Manufacturing Inc,Mid-Market,South
100167,Ridgeline Ventures Group,SMB,West
100168,Marlowe Dynamics,Mid-Market,West
100169,Oakhaven Traders LLC,Enterprise,South
100170,Cobalt Retail,SMB,Northeast
100171,Ironclad Works Inc,SMB,South
100172,Granite Solutions,SMB,West
100173,Pinnacle Solutions LLC,SMB,South
100174,Prairie Analytics Inc,Mid-Market,Northeast
100175,Cobalt Analytics LLC,SMB,West
100176,Harborview Industries,SMB,Midwest
100177,Juniper Traders,SMB,Midwest
100178,Ironclad Works,SMB,Midwest
100179,Wrenfield Health Group LLC,Mid-Market,West
100180,Highgate Works Inc,Mid-Market,Northeast
100181,Marlowe Studios Group,SMB,Northeast
100182,Redwood Ventures Group,SMB,West
100183,Lumen Group LLC,SMB,Northeast
100184,Northwind Media,SMB,Midwest
100185,Oakhaven Foods Inc,SMB,West
100186,Meadowbrook Partners LLC,Enterprise,West
100187,Quarrystone Textiles Inc,SMB,Midwest
100188,Northwind Coffee Co Inc,SMB,Northeast
100189,Pinnacle Industries Group,SMB,Midwest
100190,Harborview Supply Group,Enterprise,West
100191,Harborview Traders LLC,SMB,Midwest
100192,Pinnacle Holdings,Enterprise,Midwest
100193,Nightshade Group Group,SMB,Northeast
100194,Pinnacle Foods Group,Enterprise,Northeast
100195,Lumen Partners Co,Mid-Market,South
100196,Driftwood Labs Co,SMB,Midwest
100197,Prairie Works LLC,SMB,South
100198,Granite Industries Group,SMB,Northeast
100199,Nightshade Group LLC,Enterprise,Northeast
100200,Lumen Textiles Co,Enterprise,Midwest
100201,Fernbrook Foods Inc,SMB,Northeast
100202,Amber Analytics LLC,SMB,Northeast
100203,Driftwood Foods Inc,SMB,West
100204,Coppertop Industries Inc,SMB,South
100205,Kestrel Studios LLC,Mid-Market,West
100206,Coppertop Logistics Co,SMB,Midwest
100207,Meadowbrook Studios Co,SMB,Northeast
100208,Quarrystone Holdings Group,Enterprise,West
100209,Nightshade Media Co,Mid-Market,West
100210,Granite Media LLC,Enterprise,West
100211,Quarrystone Group LLC,SMB,West
100212,Fernbrook Logistics Group,Enterprise,West
100213,Summit Industries Co,Mid-Market,South
100214,Driftwood Traders Inc,SMB,West
100215,Ironclad Ventures,SMB,West
100216,Bluepeak Health Group Co,Enterprise,Northeast
100217,Redwood Group Group,SMB,Northeast
100218,Harborview Solutions Co,Enterprise,West
100219,Fernbrook Supply Co,Mid-Market,South
100220,Juniper Systems,Enterprise,South
100221,Redwood Solutions Co,Mid-Market,West
100222,Prairie Dynamics Group,Enterprise,South
100223,Ironclad Works LLC,SMB,Midwest
100224,Cobalt Consulting Co,SMB,Northeast
100225,Ridgeline Works Group,Mid-Market,Midwest
100226,Quarrystone Supply Inc,SMB,West
100227,Juniper Health Group,Mid-Market,South
100228,Cedar Industries Co,Mid-Market,Midwest
100229,Ironclad Logistics,SMB,Midwest
100230,Summit Coffee Co LLC,Enterprise,Northeast
100231,Amber Media Co,SMB,South
100232,Redwood Ventures Co,Enterprise,Midwest
100233,Pinnacle Works LLC,SMB,South
100234,Amber Foods LLC,Mid-Market,Midwest
100235,Prairie Solutions Group,Enterprise,Northeast
100236,Harborview Labs,SMB,West
100237,Juniper Supply LLC,SMB,West
100238,Fernbrook Ventures LLC,SMB,South
100239,Pinnacle Labs Inc,Mid-Market,Midwest
100240,Highgate Ventures Inc,SMB,Midwest
100241,Kestrel Collective Group,SMB,Northeast
100242,Kestrel Partners Inc,Enterprise,West
100243,Lumen Retail LLC,SMB,Northeast
100244,Granite Studios,SMB,West
100245,Quarrystone Analytics,Mid-Market,Northeast
100246,Quarrystone Systems LLC,SMB,South
100247,Kestrel Textiles,SMB,Midwest
100248,Juniper Logistics LLC,Enterprise,West
100249,Lumen Health Group LLC,Mid-Market,West
100250,Prairie Textiles Co,SMB,Midwest
100251,Ridgeline Coffee Co Co,Enterprise,West
100252,Nightshade Solutions LLC,SMB,Midwest
100253,Harborview Manufacturing Group,SMB,West
100254,Oakhaven Partners,Mid-Market,West
100255,Harborview Media LLC,SMB,Midwest
100256,Lakeside Holdings LLC,SMB,Midwest
100257,Lakeside Supply LLC,Enterprise,Northeast
100258,Juniper Works LLC,SMB,South
100259,Fenway Dynamics LLC,SMB,Midwest
100260,Granite Consulting,SMB,South
100261,Kestrel Labs LLC,Enterprise,West
100262,Harborview Textiles Group,Mid-Market,South
100263,Northwind Collective Co,Enterprise,South
100264,Fenway Labs Group,SMB,Northeast
100265,Northwind Supply Co,Enterprise,West
100266,Prairie Partners Co,Mid-Market,West
100267,Cedar Holdings Group,SMB,Midwest
100268,Nightshade Coffee Co Inc,SMB,West
100269,Meadowbrook Consulting,Enterprise,Northeast
100270,Nightshade Labs Group,SMB,Midwest
100271,Ironclad Coffee Co Group,Mid-Market,South
100272,Fenway Partners Group,SMB,Northeast
100273,Northwind Coffee Co,SMB,South
100274,Prairie Traders Group,Enterprise,Midwest
100275,Driftwood Dynamics Group,Enterprise,West
100276,Quarrystone Foods Inc,SMB,Northeast
100277,Nightshade Foods,Mid-Market,South
100278,Highgate Works Group,SMB,South
100279,Pinnacle Supply Co,Mid-Market,South
100280,Nightshade Holdings Group,SMB,South
100281,Nightshade Consulting,SMB,South
100282,Solstice Logistics,SMB,Northeast
100283,Harborview Holdings LLC,SMB,South
100284,Summit Ventures LLC,SMB,West
100285,Driftwood Supply Group,SMB,Northeast
100286,Kestrel Traders,Enterprise,Midwest
100287,Lakeside Manufacturing,SMB,West
100288,Juniper Industries Group,SMB,Northeast
100289,Kestrel Health Group LLC,SMB,West
100290,Northwind Traders Co,Mid-Market,Midwest
100291,Lakeside Traders Inc,SMB,West
100292,Oakhaven Media Co,SMB,West
100293,Wrenfield Logistics Inc,Mid-Market,West
100294,Cedar Labs,SMB,West
100295,Coppertop Dynamics LLC,Enterprise,South
100296,Solstice Systems Co,SMB,South
100297,Meadowbrook Partners Group,Mid-Market,Northeast
100298,Meadowbrook Solutions LLC,SMB,South
100299,Granite Consulting LLC,Mid-Market,South
100300,Summit Holdings Inc,Enterprise,Midwest
100301,Fernbrook Consulting Group,SMB,Northeast
100302,Prairie Analytics LLC,SMB,West
100303,Redwood Holdings LLC,SMB,West
100304,Pinnacle Media,SMB,Midwest
100305,Harborview Dynamics,Enterprise,Northeast
100306,Quarrystone Manufacturing,Mid-Market,Northeast
100307,Granite Health Group LLC,Mid-Market,West
100308,Fernbrook Dynamics LLC,Enterprise,West
100309,Prairie Textiles Group,Enterprise,Midwest
100310,Bluepeak Solutions LLC,Enterprise,Midwest
100311,Driftwood Studios Group,SMB,Northeast
100312,Amber Media,SMB,Midwest
100313,Bluepeak Supply LLC,SMB,South
100314,Silver Fox Systems LLC,SMB,Northeast
100315,Juniper Systems Co,SMB,West
100316,Cobalt Partners Co,SMB,Midwest
100317,Granite Foods Co,SMB,Northeast
100318,Silver Fox Systems,SMB,South
100319,Wrenfield Industries Co,SMB,West
100320,Redwood Retail Group,SMB,Northeast
100321,Redwood Works Co,SMB,West
100322,Pinnacle Group LLC,SMB,West
100323,Kestrel Industries Inc,Mid-Market,Midwest
100324,Lumen Foods Inc,Mid-Market,South
100325,Redwood Group Inc,SMB,South
100326,Amber Coffee Co,SMB,West
100327,Northwind Traders Group,SMB,Midwest
100328,Silver Fox Media,SMB,Northeast
100329,Juniper Studios,SMB,West
100330,Kestrel Collective,Enterprise,South
100331,Solstice Works Co,SMB,West
100332,Nightshade Textiles Inc,SMB,Midwest
100333,Juniper Analytics Inc,Mid-Market,West
100334,Redwood Retail LLC,SMB,Midwest
100335,Quarrystone Traders Group,SMB,Northeast
100336,Solstice Labs LLC,SMB,West
100337,Granite Labs Co,Enterprise,West
100338,Prairie Holdings Co,SMB,Northeast
100339,Coppertop Solutions Co,Mid-Market,Northeast
100340,Silver Fox Coffee Co Co,Enterprise,South
100341,Bluepeak Labs LLC,SMB,West
100342,Amber Analytics Co,Mid-Market,Midwest
100343,Prairie Consulting Group,SMB,West
100344,Pinnacle Dynamics Group,SMB,West
100345,Summit Logistics Group,SMB,West
100346,Marlowe Dynamics Co,Enterprise,West
100347,Prairie Industries LLC,SMB,Midwest
100348,Cedar Group Co,SMB,South
100349,Northwind Consulting LLC,Enterprise,South
100350,Amber Solutions,SMB,Midwest
100351,Granite Logistics Inc,Enterprise,Midwest
100352,Pinnacle Solutions,Mid-Market,Midwest
100353,Driftwood Foods,Mid-Market,South
100354,Fenway Logistics LLC,Enterprise,South
100355,Ridgeline Health Group Co,Mid-Market,Northeast
100356,Fenway Foods Group,SMB,West
100357,Nightshade Group Co,Enterprise,Midwest
100358,Summit Partners LLC,Enterprise,Midwest
100359,Highgate Works Co,Enterprise,Midwest
100360,Driftwood Traders Co,Mid-Market,Midwest
100361,Silver Fox Ventures LLC,SMB,South
100362,Oakhaven Retail Group,SMB,South
100363,Nightshade Studios LLC,SMB,Midwest
100364,Redwood Labs Co,SMB,West
100365,Nightshade Retail LLC,Mid-Market,Midwest
100366,Wrenfield Collective Inc,Mid-Market,West
100367,Cobalt Supply Group,SMB,South
100368,Coppertop Retail LLC,SMB,South
100369,Redwood Supply,Mid-Market,South
100370,Coppertop Dynamics Group,SMB,Midwest
100371,Driftwood Partners Inc,Enterprise,Midwest
100372,Ironclad Coffee Co Inc,Mid-Market,Midwest
100373,Lakeside Health Group Group,SMB,Midwest
100374,Highgate Consulting LLC,SMB,West
100375,Fenway Logistics Co,Mid-Market,West
100376,Redwood Partners Co,SMB,South
100377,Ridgeline Works Co,Enterprise,Midwest
100378,Oakhaven Media Group,SMB,Northeast
100379,Kestrel Partners Group,SMB,West
100380,Redwood Ventures Inc,SMB,West
100381,Quarrystone Health Group Co,Mid-Market,Northeast
100382,Solstice Group,Enterprise,Midwest
100383,Harborview Industries Co,Enterprise,Northeast
100384,Marlowe Consulting Co,SMB,Midwest
100385,Summit Dynamics Co,Enterprise,West
100386,Wrenfield Dynamics,SMB,South
100387,Ridgeline Analytics Inc,Mid-Market,Midwest
100388,Marlowe Ventures Group,Enterprise,Midwest
100389,Lakeside Supply Inc,SMB,West
100390,Northwind Industries Co,Enterprise,Midwest
100391,Quarrystone Media Group,SMB,South
100392,Ridgeline Group LLC,SMB,South
100393,Granite Dynamics Inc,SMB,Northeast
100394,Wrenfield Traders Co,Enterprise,Northeast
100395,Fernbrook Supply Inc,SMB,Northeast
100396,Marlowe Foods,Enterprise,Northeast
100397,Northwind Retail Group,SMB,South
100398,Northwind Retail,Mid-Market,South
100399,Juniper Partners Co,Mid-Market,Midwest
100400,Lakeside Group Co,SMB,Midwest
100401,Kestrel Textiles Group,Mid-Market,West
100402,Coppertop Traders Group,Mid-Market,West
100403,Meadowbrook Supply Co,SMB,West
100404,Meadowbrook Group LLC,SMB,Northeast
100405,Lakeside Solutions LLC,SMB,Northeast
100406,Meadowbrook Holdings LLC,Enterprise,Midwest
100407,Lakeside Labs LLC,Mid-Market,Northeast
100408,Highgate Collective Co,Enterprise,West
100409,Highgate Manufacturing Inc,Mid-Market,Northeast
100410,Wrenfield Group LLC,Enterprise,Northeast
100411,Silver Fox Labs Group,SMB,Northeast
100412,Pinnacle Studios Co,SMB,South
100413,Cobalt Consulting Inc,Mid-Market,West
100414,Harborview Manufacturing LLC,SMB,South
100415,Oakhaven Group,SMB,Midwest
100416,Highgate Supply Co,Mid-Market,South
100417,Silver Fox Consulting Co,Enterprise,Midwest
100418,Wrenfield Works LLC,Mid-Market,Northeast
100419,Ridgeline Partners Inc,SMB,Northeast
100420,Lumen Textiles LLC,Enterprise,Midwest
100421,Prairie Supply LLC,SMB,South
100422,Ironclad Dynamics Group,SMB,South
100423,Juniper Ventures LLC,Enterprise,West
100424,Northwind Textiles LLC,Enterprise,Northeast
100425,Pinnacle Foods LLC,Enterprise,South
100426,Silver Fox Analytics,Enterprise,West
100427,Silver Fox Traders,Mid-Market,Northeast
100428,Silver Fox Logistics LLC,SMB,South
100429,Lakeside Studios LLC,SMB,Midwest
100430,Quarrystone Partners Group,Enterprise,Northeast
100431,Silver Fox Consulting LLC,Enterprise,Midwest
100432,Oakhaven Dynamics Group,SMB,Midwest
100433,Kestrel Industries LLC,SMB,Midwest
100434,Ridgeline Manufacturing Inc,SMB,West
100435,Oakhaven Textiles Inc,SMB,South
100436,Summit Studios Group,Enterprise,West
100437,Pinnacle Studios LLC,SMB,Northeast
100438,Ridgeline Ventures Inc,SMB,Northeast
100439,Cobalt Health Group Co,Enterprise,Midwest
100440,Lakeside Studios Group,SMB,West
100441,Meadowbrook Studios Inc,SMB,Midwest
100442,Ironclad Analytics Inc,SMB,South
100443,Oakhaven Coffee Co Inc,SMB,Northeast
100444,Northwind Systems Inc,SMB,Northeast
100445,Lumen Health Group Co,SMB,Midwest
100446,Amber Solutions Group,SMB,Midwest
100447,Cobalt Holdings Inc,SMB,Midwest
100448,Marlowe Holdings Group,SMB,West
100449,Fenway Labs LLC,SMB,Northeast
100450,Ironclad Logistics LLC,Enterprise,South
100451,Granite Supply LLC,SMB,West
100452,Fernbrook Studios Group,SMB,South
100453,Lumen Industries Group,Enterprise,South
100454,Wrenfield Analytics,SMB,Midwest
100455,Quarrystone Dynamics Co,SMB,Midwest
100456,Harborview Studios,Enterprise,South
100457,Northwind Foods LLC,Mid-Market,Northeast
100458,Northwind Dynamics LLC,SMB,South
100459,Meadowbrook Industries Co,Mid-Market,West
100460,Granite Traders,Mid-Market,West
100461,Nightshade Supply Co,SMB,Northeast
100462,Coppertop Labs,SMB,Northeast
100463,Oakhaven Holdings LLC,SMB,West
100464,Bluepeak Dynamics Inc,Enterprise,Midwest
100465,Amber Textiles Inc,SMB,Northeast
100466,Fenway Supply LLC,SMB,West
100467,Nightshade Analytics,SMB,Midwest
100468,Harborview Industries Inc,Enterprise,Northeast
100469,Amber Coffee Co Inc,SMB,South
100470,Wrenfield Consulting LLC,SMB,Northeast
100471,Lumen Media Group,SMB,South
100472,Redwood Manufacturing Inc,Mid-Market,South
100473,Granite Health Group Inc,SMB,West
100474,Pinnacle Media Group,Enterprise,Midwest
100475,Highgate Retail Inc,SMB,Midwest
100476,Kestrel Studios Inc,SMB,South
100477,Amber Media Group,SMB,Midwest
100478,Juniper Logistics,SMB,West
100479,Prairie Coffee Co Group,SMB,West
100480,Cedar Coffee Co Group,Enterprise,South
100481,Prairie Supply Co,SMB,South
100482,Driftwood Media Inc,Mid-Market,Northeast
100483,Cedar Systems Inc,SMB,West
100484,Cobalt Holdings Group,Mid-Market,West
100485,Nightshade Industries Co,SMB,South
100486,Lumen Dynamics Group,SMB,West
100487,Fenway Manufacturing Inc,SMB,Midwest
100488,Pinnacle Systems LLC,Enterprise,South
100489,Ridgeline Health Group Group,Enterprise,West
100490,Ridgeline Traders Inc,Enterprise,Midwest
100491,Kestrel Works,Enterprise,Midwest
100492,Granite Systems Co,SMB,Midwest
100493,Harborview Health Group Inc,SMB,West
100494,Bluepeak Industries LLC,SMB,South
100495,Cedar Group,Enterprise,Northeast
100496,Kestrel Retail Inc,SMB,Midwest
100497,Lakeside Holdings,SMB,South
100498,Fernbrook Ventures Group,Mid-Market,West
100499,Juniper Studios Co,SMB,West
100500,Oakhaven Analytics LLC,Mid-Market,Midwest
100501,Meadowbrook Analytics Co,SMB,South
100502,Northwind Logistics Co,Mid-Market,Midwest
100503,Redwood Supply Group,Enterprise,West
100504,Meadowbrook Coffee Co Group,Mid-Market,West
100505,Lakeside Systems Group,SMB,West
100506,Cobalt Health Group Inc,SMB,West
100507,Cedar Collective LLC,SMB,Northeast
100508,Summit Analytics Co,SMB,West
100509,Ironclad Manufacturing Co,Mid-Market,Northeast
100510,Harborview Studios Inc,SMB,Northeast
100511,Ironclad Coffee Co,SMB,West
100512,Cobalt Analytics Inc,SMB,West
100513,Meadowbrook Health Group Co,Enterprise,Midwest
100514,Ironclad Systems LLC,SMB,South
100515,Coppertop Labs Co,SMB,Midwest
100516,Cobalt Manufacturing Co,SMB,Northeast
100517,Juniper Dynamics,SMB,Northeast
100518,Wrenfield Solutions LLC,Enterprise,Northeast
100519,Wrenfield Textiles Group,SMB,Northeast
100520,Cedar Labs Group,Mid-Market,Northeast
100521,Fernbrook Textiles,Mid-Market,Northeast
100522,Highgate Media,Enterprise,South
100523,Ironclad Holdings,Mid-Market,South
100524,Pinnacle Group Group,Enterprise,Northeast
100525,Pinnacle Foods Inc,SMB,Northeast
100526,Silver Fox Media Group,SMB,West
100527,Fernbrook Textiles LLC,Mid-Market,Midwest
100528,Redwood Supply Co,Mid-Market,Northeast
100529,Lumen Solutions LLC,SMB,Midwest
100530,Solstice Supply Co,SMB,West
100531,Pinnacle Holdings Group,SMB,Midwest
100532,Nightshade Works LLC,SMB,South
100533,Cedar Coffee Co Inc,SMB,Northeast
100534,Wrenfield Ventures LLC,SMB,West
100535,Lakeside Foods Group,SMB,West
100536,Ridgeline Textiles Group,Mid-Market,Northeast
100537,Juniper Solutions Group,Mid-Market,Northeast
100538,Driftwood Textiles Co,Mid-Market,Northeast
100539,Granite Retail Co,Mid-Market,South
100540,Cobalt Systems Inc,SMB,West
100541,Wrenfield Coffee Co Co,SMB,Midwest
100542,Cobalt Solutions LLC,Mid-Market,Northeast
100543,Amber Traders,Enterprise,Northeast
100544,Silver Fox Textiles Inc,Mid-Market,South
100545,Granite Analytics Inc,Mid-Market,South
100546,Highgate Traders Inc,Mid-Market,Northeast
100547,Lakeside Solutions Co,Mid-Market,Northeast
100548,Meadowbrook Logistics,Mid-Market,Midwest
100549,Amber Labs LLC,Mid-Market,West
100550,Oakhaven Retail Inc,SMB,Midwest
100551,Amber Logistics Group,SMB,South
100552,Ironclad Media LLC,SMB,West
100553,Northwind Media LLC,SMB,Midwest
100554,Meadowbrook Analytics,Enterprise,South
100555,Lakeside Media,SMB,South
100556,Quarrystone Foods Co,SMB,Northeast
100557,Highgate Media Group,Enterprise,Midwest
100558,Harborview Foods Inc,SMB,Northeast
100559,Prairie Studios Inc,Enterprise,Northeast
100560,Kestrel Studios Group,SMB,Northeast
100561,Lumen Collective,SMB,South
100562,Silver Fox Solutions LLC,SMB,South
100563,Cedar Textiles,SMB,West
100564,Summit Consulting,SMB,South
100565,Marlowe Group Co,SMB,Midwest
100566,Driftwood Textiles LLC,SMB,Midwest
100567,Redwood Analytics,SMB,South
100568,Harborview Group Inc,Enterprise,West
100569,Cobalt Industries Co,SMB,Midwest
100570,Coppertop Group LLC,SMB,South
100571,Lumen Traders Inc,SMB,Midwest
100572,Driftwood Solutions LLC,Enterprise,South
100573,Harborview Foods Group,Enterprise,South
100574,Juniper Supply Inc,Enterprise,Northeast
100575,Meadowbrook Logistics Group,Enterprise,West
100576,Driftwood Logistics Co,SMB,West
100577,Wrenfield Traders LLC,Mid-Market,South
100578,Ironclad Foods Group,SMB,West
100579,Juniper Analytics Group,Enterprise,Northeast
100580,Cobalt Group Co,SMB,Midwest
100581,Silver Fox Industries LLC,SMB,Northeast
100582,Juniper Foods Inc,Enterprise,Midwest
100583,Meadowbrook Studios,Enterprise,West
100584,Northwind Solutions,Enterprise,Northeast
100585,Oakhaven Coffee Co Co,SMB,West
100586,Granite Industries Inc,SMB,Midwest
100587,Amber Consulting LLC,SMB,Northeast
100588,Coppertop Industries Group,SMB,Northeast
100589,Solstice Retail,SMB,Midwest
100590,Quarrystone Supply LLC,SMB,South
100591,Nightshade Solutions,Enterprise,West
100592,Prairie Retail LLC,SMB,South
100593,Quarrystone Logistics,Mid-Market,South
100594,Meadowbrook Group,Enterprise,Midwest
100595,Coppertop Supply,Mid-Market,South
100596,Pinnacle Coffee Co Inc,SMB,Midwest
100597,Pinnacle Health Group,SMB,South
100598,Solstice Dynamics LLC,SMB,West
100599,Redwood Industries Co,Mid-Market,South
100600,Ironclad Group Group,SMB,Northeast
100601,Prairie Works Group,SMB,Midwest
100602,Kestrel Retail LLC,Enterprise,Midwest
100603,Nightshade Analytics Group,Mid-Market,Midwest
100604,Pinnacle Holdings Inc,Enterprise,South
100605,Summit Traders Group,SMB,West
100606,Silver Fox Traders Co,Enterprise,Midwest
100607,Fernbrook Health Group,SMB,Midwest
100608,Kestrel Partners Co,SMB,Midwest
100609,Marlowe Foods Inc,Enterprise,Northeast
100610,Pinnacle Industries LLC,Enterprise,West
100611,Fenway Partners Co,SMB,South
100612,Fenway Manufacturing Group,SMB,West
100613,Lumen Analytics LLC,SMB,South
100614,Prairie Labs Co,Enterprise,Northeast
100615,Amber Textiles,Enterprise,Northeast
100616,Pinnacle Partners Inc,SMB,West
100617,Wrenfield Ventures Co,SMB,Midwest
100618,Solstice Studios Co,Mid-Market,South
100619,Amber Health Group Group,Mid-Market,South
100620,Ironclad Supply Co,SMB,Midwest
100621,Fenway Collective Co,Mid-Market,Midwest
100622,Kestrel Manufacturing Group,Enterprise,West
100623,Solstice Industries Co,SMB,West
100624,Fernbrook Logistics Inc,Mid-Market,Midwest
100625,Silver Fox Solutions Co,Mid-Market,West
100626,Silver Fox Ventures Co,SMB,Northeast
100627,Coppertop Textiles Group,Enterprise,West
100628,Ironclad Partners LLC,Mid-Market,Northeast
100629,Silver Fox Holdings LLC,SMB,Northeast
100630,Solstice Consulting Inc,SMB,Northeast
100631,Harborview Works,Mid-Market,Midwest
100632,Granite Holdings,SMB,Midwest
100633,Granite Coffee Co Group,SMB,Midwest
100634,Granite Works,SMB,South
100635,Prairie Labs Group,Mid-Market,Northeast
100636,Nightshade Labs Inc,Enterprise,Northeast
100637,Kestrel Analytics Inc,Mid-Market,South
100638,Fenway Manufacturing Co,Enterprise,South
100639,Pinnacle Collective Co,SMB,Midwest
100640,Bluepeak Dynamics LLC,SMB,Northeast
100641,Summit Holdings Co,Enterprise,Northeast
100642,Quarrystone Systems Co,SMB,South
100643,Kestrel Manufacturing Inc,Enterprise,West
100644,Juniper Dynamics LLC,SMB,West
100645,Coppertop Consulting Co,SMB,Midwest
100646,Wrenfield Holdings Group,Mid-Market,Northeast
100647,Quarrystone Health Group Inc,SMB,Midwest
100648,Solstice Logistics Group,SMB,West
100649,Nightshade Group Inc,SMB,South
100650,Granite Group LLC,SMB,South
100651,Juniper Media LLC,SMB,Northeast
100652,Driftwood Works Inc,Enterprise,Northeast
100653,Marlowe Foods LLC,SMB,South
100654,Pinnacle Solutions Group,Enterprise,Northeast
100655,Granite Group Group,Mid-Market,South
100656,Ridgeline Labs Inc,SMB,West
100657,Kestrel Supply LLC,SMB,Northeast
100658,Driftwood Consulting Co,Enterprise,West
100659,Fernbrook Manufacturing Inc,Mid-Market,Midwest
100660,Meadowbrook Media LLC,Enterprise,Northeast
100661,Bluepeak Partners Group,SMB,Northeast
100662,Fenway Group LLC,Mid-Market,South
100663,Ironclad Retail,Enterprise,West
100664,Northwind Retail LLC,Enterprise,Northeast
100665,Lumen Analytics Group,SMB,South
100666,Lumen Health Group,Enterprise,Northeast
100667,Harborview Textiles LLC,SMB,South
100668,Ridgeline Manufacturing,Enterprise,West
100669,Wrenfield Textiles Co,SMB,South
100670,Oakhaven Solutions Inc,Mid-Market,South
100671,Ridgeline Partners,SMB,Northeast
100672,Amber Collective Inc,Enterprise,Northeast
100673,Fernbrook Consulting,SMB,South
100674,Redwood Systems Inc,SMB,Midwest
100675,Redwood Studios Co,Mid-Market,South
100676,Lumen Partners,Mid-Market,Midwest
100677,Ridgeline Coffee Co Group,SMB,South
100678,Lakeside Industries,Mid-Market,West
100679,Cedar Holdings Co,SMB,West
100680,Harborview Dynamics Inc,Mid-Market,Northeast
100681,Granite Studios LLC,Mid-Market,West
100682,Ironclad Consulting Inc,Mid-Market,Northeast
100683,Northwind Retail Co,Enterprise,Northeast
100684,Lumen Holdings Group,SMB,Midwest
100685,Pinnacle Works Group,SMB,Midwest
100686,Wrenfield Textiles Inc,Mid-Market,South
100687,Marlowe Logistics LLC,SMB,West
100688,Bluepeak Collective Inc,SMB,Northeast
100689,Prairie Systems Group,Enterprise,South
100690,Pinnacle Supply Inc,SMB,West
100691,Prairie Studios LLC,SMB,West
100692,Fenway Traders LLC,Enterprise,Midwest
100693,Northwind Foods,SMB,West
100694,Cedar Consulting Group,SMB,Midwest
100695,Lumen Supply,SMB,West
100696,Silver Fox Partners Co,SMB,Midwest
100697,Marlowe Retail,Mid-Market,West
100698,Lakeside Analytics,Enterprise,Northeast
100699,Summit Industries LLC,Mid-Market,Midwest
100700,Marlowe Traders,SMB,Northeast
100701,Granite Labs Inc,SMB,Midwest
100702,Juniper Media Inc,SMB,Midwest
100703,Coppertop Textiles Inc,Mid-Market,South
100704,Driftwood Foods Co,Mid-Market,Northeast
100705,Kestrel Dynamics,SMB,Northeast
100706,Kestrel Supply Inc,Enterprise,Midwest
100707,Ironclad Analytics,Enterprise,Northeast
100708,Northwind Works,SMB,Northeast
100709,Coppertop Holdings Group,Mid-Market,West
100710,Fernbrook Logistics LLC,Mid-Market,Midwest
100711,Pinnacle Textiles,SMB,South
100712,Oakhaven Solutions Group,SMB,Midwest
100713,Ironclad Health Group Inc,Mid-Market,West
100714,Amber Partners Group,Enterprise,Midwest
100715,Lakeside Systems Co,Mid-Market,South
100716,Summit Textiles Group,Mid-Market,West
100717,Coppertop Ventures LLC,Mid-Market,South
100718,Pinnacle Health Group Inc,SMB,South
100719,Amber Health Group Inc,SMB,South
100720,Fenway Consulting Inc,SMB,West
100721,Kestrel Supply Group,Enterprise,South
100722,Coppertop Labs Inc,Enterprise,Midwest
100723,Fernbrook Holdings Group,Enterprise,West
100724,Lakeside Foods LLC,SMB,South
100725,Oakhaven Labs Co,SMB,Northeast
100726,Lumen Logistics Group,Mid-Market,South
100727,Quarrystone Media,SMB,West
100728,Silver Fox Foods LLC,SMB,Northeast
100729,Cobalt Media,Enterprise,Northeast
100730,Bluepeak Collective,Mid-Market,Midwest
100731,Wrenfield Logistics,Mid-Market,South
100732,Wrenfield Industries,SMB,West
100733,Cedar Analytics Co,SMB,Northeast
100734,Nightshade Logistics Inc,SMB,South
100735,Silver Fox Retail Inc,SMB,Midwest
100736,Northwind Industries Inc,SMB,South
100737,Silver Fox Manufacturing Group,SMB,Northeast
100738,Driftwood Consulting Inc,Enterprise,West
100739,Kestrel Supply,SMB,Midwest
100740,Harborview Media Co,SMB,West
100741,Wrenfield Supply,SMB,West
100742,Nightshade Dynamics Co,Mid-Market,South
100743,Harborview Works Co,SMB,Northeast
100744,Redwood Analytics Group,SMB,Midwest
100745,Solstice Traders Inc,SMB,Midwest
100746,Wrenfield Traders Inc,SMB,Midwest
100747,Cobalt Collective Group,Mid-Market,Northeast
100748,Pinnacle Logistics Group,SMB,South
100749,Ridgeline Studios LLC,SMB,Midwest
100750,Redwood Media Inc,Enterprise,Midwest
100751,Ridgeline Solutions Inc,SMB,Midwest
100752,Marlowe Textiles Co,Mid-Market,Northeast
100753,Fernbrook Studios Inc,SMB,West
100754,Ironclad Dynamics,Mid-Market,Northeast
100755,Lumen Group,SMB,Northeast
100756,Highgate Textiles LLC,SMB,Midwest
100757,Wrenfield Works Co,SMB,South
100758,Coppertop Solutions Group,Enterprise,Midwest
100759,Lumen Studios Inc,SMB,Midwest
100760,Coppertop Media Inc,Enterprise,West
100761,Fernbrook Retail LLC,Enterprise,South
100762,Coppertop Studios Group,SMB,Northeast
100763,Silver Fox Traders Inc,SMB,Midwest
100764,Redwood Supply Inc,SMB,West
100765,Prairie Industries Co,Enterprise,Northeast
100766,Meadowbrook Industries Group,Mid-Market,Northeast
100767,Ridgeline Solutions,SMB,South
100768,Cobalt Supply Co,SMB,South
100769,Ridgeline Traders Co,Enterprise,Northeast
100770,Quarrystone Group Inc,SMB,West
100771,Harborview Solutions Group,SMB,West
100772,Cobalt Dynamics,SMB,South
100773,Driftwood Coffee Co Group,SMB,South
100774,Highgate Collective LLC,Enterprise,Northeast
100775,Kestrel Analytics Group,Enterprise,Midwest
100776,Meadowbrook Media Inc,SMB,Midwest
100777,Solstice Consulting,SMB,Midwest
100778,Cobalt Labs Group,Enterprise,South
100779,Granite Collective Group,SMB,West
100780,Ridgeline Retail Group,SMB,South
100781,Summit Traders Inc,SMB,Midwest
100782,Highgate Analytics LLC,Mid-Market,Midwest
100783,Bluepeak Industries Inc,Enterprise,Midwest
100784,Lumen Group Group,Mid-Market,West
100785,Ironclad Solutions LLC,SMB,Midwest
100786,Quarrystone Collective LLC,Mid-Market,West
100787,Coppertop Works LLC,SMB,South
100788,Fernbrook Dynamics Co,Enterprise,Midwest
100789,Driftwood Collective LLC,SMB,West
100790,Quarrystone Retail,SMB,West
100791,Oakhaven Works Inc,SMB,South
100792,Nightshade Traders Inc,SMB,Midwest
100793,Oakhaven Traders,SMB,Midwest
100794,Quarrystone Industries LLC,Mid-Market,Midwest
100795,Solstice Consulting Co,Enterprise,West
100796,Cobalt Analytics Co,Enterprise,South
100797,Highgate Supply Inc,SMB,Midwest
100798,Northwind Systems LLC,SMB,Northeast
100799,Quarrystone Industries Group,SMB,West
100800,Bluepeak Consulting,SMB,South
100801,Cobalt Logistics LLC,SMB,South
100802,Silver Fox Logistics,Enterprise,West
100803,Redwood Solutions,Enterprise,South
100804,Wrenfield Foods Group,SMB,South
100805,Wrenfield Dynamics Inc,Enterprise,South
100806,Ridgeline Group Group,Mid-Market,Northeast
100807,Prairie Consulting Inc,SMB,Northeast
100808,Quarrystone Partners,Mid-Market,Northeast
100809,Bluepeak Holdings LLC,SMB,South
100810,Coppertop Traders Inc,SMB,Northeast
100811,Quarrystone Labs Group,Enterprise,South
100812,Northwind Coffee Co Group,Mid-Market,West
100813,Quarrystone Analytics Co,SMB,Midwest
100814,Oakhaven Systems Co,SMB,Northeast
100815,Ridgeline Traders,Enterprise,Midwest
100816,Lumen Logistics LLC,SMB,West
100817,Fenway Logistics Group,Enterprise,Northeast
100818,Oakhaven Analytics Co,Enterprise,Northeast
100819,Summit Works,SMB,Midwest
100820,Summit Dynamics Group,Mid-Market,Midwest
100821,Juniper Labs LLC,Mid-Market,South
100822,Coppertop Manufacturing Inc,Enterprise,South
100823,Ironclad Textiles,SMB,Northeast
100824,Cedar Ventures,SMB,South
100825,Cobalt Labs Co,SMB,West
100826,Nightshade Health Group,Mid-Market,Northeast
100827,Northwind Studios,Enterprise,Northeast
100828,Ridgeline Works Inc,Enterprise,West
100829,Coppertop Industries Co,Mid-Market,South
100830,Quarrystone Group Group,SMB,Northeast
100831,Pinnacle Traders,SMB,Northeast
100832,Silver Fox Collective Inc,Enterprise,South
100833,Summit Partners Co,SMB,West
100834,Fernbrook Group Co,Enterprise,Northeast
100835,Quarrystone Analytics Inc,SMB,Northeast
100836,Harborview Supply LLC,SMB,West
100837,Bluepeak Textiles LLC,Enterprise,Midwest
100838,Coppertop Studios Co,SMB,Midwest
100839,Harborview Industries LLC,SMB,West
100840,Ironclad Partners,Mid-Market,Midwest
100841,Marlowe Foods Co,Mid-Market,West
100842,Juniper Collective,Enterprise,South
100843,Juniper Solutions Co,Enterprise,Midwest
100844,Cobalt Media LLC,Mid-Market,Northeast
100845,Redwood Coffee Co LLC,SMB,South
100846,Quarrystone Consulting Inc,SMB,Midwest
100847,Ridgeline Supply LLC,Enterprise,South
100848,Redwood Media Group,SMB,Midwest
100849,Bluepeak Ventures Co,Enterprise,South
100850,Driftwood Traders LLC,Mid-Market,Northeast
100851,Ridgeline Coffee Co LLC,SMB,Midwest
100852,Amber Ventures,SMB,West
100853,Marlowe Works Co,Mid-Market,Midwest
100854,Pinnacle Consulting LLC,SMB,Northeast
100855,Lumen Partners Inc,SMB,West
100856,Quarrystone Holdings Inc,Mid-Market,West
100857,Marlowe Retail LLC,SMB,Northeast
100858,Northwind Ventures LLC,SMB,South
100859,Solstice Industries Inc,Mid-Market,Northeast
100860,Cobalt Ventures Inc,Enterprise,Northeast
100861,Harborview Textiles,SMB,Northeast
100862,Coppertop Partners,Enterprise,South
100863,Kestrel Foods Group,Enterprise,West
100864,Juniper Manufacturing LLC,SMB,Midwest
100865,Marlowe Analytics Inc,SMB,South
100866,Ironclad Textiles Inc,Enterprise,Northeast
100867,Granite Industries,SMB,Northeast
100868,Oakhaven Ventures Co,Enterprise,Midwest
100869,Ironclad Holdings Group,Mid-Market,South
100870,Ironclad Labs Inc,SMB,Midwest
100871,Marlowe Holdings,Mid-Market,South
100872,Cedar Consulting LLC,SMB,Midwest
100873,Meadowbrook Labs LLC,Enterprise,West
100874,Bluepeak Consulting LLC,SMB,Midwest
100875,Marlowe Manufacturing Inc,Enterprise,Northeast
100876,Silver Fox Retail,SMB,South
100877,Ironclad Foods LLC,Enterprise,West
100878,Silver Fox Textiles Co,Enterprise,West
100879,Meadowbrook Collective Co,SMB,Midwest
100880,Ironclad Studios,SMB,South
100881,Fenway Retail,Enterprise,Northeast
100882,Lakeside Consulting Co,Enterprise,West
100883,Granite Group Inc,SMB,South
100884,Kestrel Traders Group,SMB,West
100885,Silver Fox Media Co,Enterprise,West
100886,Fernbrook Coffee Co Group,SMB,Midwest
100887,Driftwood Dynamics LLC,Mid-Market,Northeast
100888,Driftwood Consulting Group,SMB,West
100889,Marlowe Collective LLC,SMB,Midwest
100890,Kestrel Traders Co,Enterprise,Northeast
100891,Lakeside Systems LLC,SMB,South
100892,Amber Media LLC,Enterprise,South
100893,Kestrel Systems Co,Mid-Market,South
100894,Nightshade Dynamics,SMB,South
100895,Juniper Foods,SMB,South
100896,Lumen Traders Group,SMB,Midwest
100897,Oakhaven Supply Group,Enterprise,South
100898,Prairie Studios,Mid-Market,West
100899,Wrenfield Ventures Inc,Enterprise,South
100900,Marlowe Health Group Co,SMB,West
100901,Ridgeline Systems Co,SMB,Midwest
100902,Fenway Foods,SMB,West
100903,Bluepeak Logistics Co,Enterprise,South
100904,Northwind Partners Group,SMB,Midwest
100905,Highgate Logistics Co,SMB,West
100906,Ridgeline Manufacturing Group,SMB,West
100907,Pinnacle Labs,SMB,Northeast
100908,Fenway Holdings Group,Mid-Market,South
100909,Marlowe Consulting Inc,Mid-Market,Midwest
100910,Quarrystone Manufacturing Inc,Enterprise,Northeast
100911,Quarrystone Systems Inc,SMB,South
100912,Lakeside Consulting Group,Mid-Market,West
100913,Wrenfield Holdings Inc,SMB,Midwest
100914,Lumen Systems Inc,Enterprise,Midwest
100915,Kestrel Group Group,Mid-Market,West
100916,Bluepeak Holdings,SMB,South
100917,Ridgeline Collective,Enterprise,Midwest
100918,Bluepeak Logistics Group,SMB,Midwest
100919,Coppertop Retail Co,SMB,Northeast
100920,Prairie Retail Inc,SMB,Midwest
100921,Summit Textiles LLC,SMB,Midwest
100922,Amber Ventures Group,Enterprise,Northeast
100923,Highgate Analytics Group,Mid-Market,West
100924,Cedar Foods Group,Enterprise,South
100925,Amber Analytics Inc,Enterprise,Northeast
100926,Solstice Foods Inc,Enterprise,West
100927,Fernbrook Manufacturing Co,SMB,South
100928,Fenway Supply Inc,SMB,Midwest
100929,Fenway Analytics,SMB,South
100930,Nightshade Partners Inc,Enterprise,Midwest
100931,Meadowbrook Coffee Co,Enterprise,West
100932,Solstice Labs,Enterprise,South
100933,Bluepeak Textiles Group,SMB,South
100934,Driftwood Group Inc,SMB,Northeast
100935,Redwood Traders Group,Enterprise,West
100936,Oakhaven Industries Inc,SMB,Midwest
100937,Cedar Health Group LLC,Mid-Market,Northeast
100938,Kestrel Health Group,SMB,South
100939,Quarrystone Supply Co,SMB,Midwest
100940,Ridgeline Consulting,Mid-Market,Midwest
100941,Oakhaven Logistics LLC,Enterprise,West
100942,Ridgeline Ventures,Enterprise,West
100943,Marlowe Analytics Co,SMB,Northeast
100944,Driftwood Manufacturing LLC,SMB,Midwest
100945,Granite Industries Co,Enterprise,Midwest
100946,Redwood Industries LLC,Mid-Market,West
100947,Nightshade Textiles Group,SMB,Northeast
100948,Lumen Foods Co,Mid-Market,South
100949,Kestrel Manufacturing Co,SMB,Northeast
100950,Ironclad Retail Co,SMB,Northeast
100951,Solstice Dynamics,Enterprise,Midwest
100952,Juniper Works Group,Mid-Market,West
100953,Prairie Dynamics Inc,SMB,Northeast
100954,Silver Fox Retail Co,SMB,South
100955,Fernbrook Media,Enterprise,Northeast
100956,Ridgeline Foods,Mid-Market,South
100957,Cobalt Textiles Co,Mid-Market,Northeast
100958,Oakhaven Supply Inc,SMB,Northeast
100959,Coppertop Health Group Group,Enterprise,Northeast
100960,Amber Collective Co,Enterprise,Northeast
100961,Bluepeak Retail Inc,SMB,Northeast
100962,Driftwood Studios Co,SMB,South
100963,Quarrystone Works Group,Mid-Market,West
100964,Lakeside Consulting Inc,Enterprise,Midwest
100965,Summit Health Group LLC,Enterprise,Midwest
100966,Silver Fox Works Group,Enterprise,Midwest
100967,Kestrel Coffee Co Group,Mid-Market,West
100968,Oakhaven Traders Inc,SMB,Midwest
100969,Kestrel Ventures Group,SMB,Northeast
100970,Fenway Foods LLC,Enterprise,South
100971,Redwood Textiles Co,SMB,Midwest
100972,Bluepeak Textiles,SMB,Midwest
100973,Silver Fox Dynamics LLC,Mid-Market,Midwest
100974,Coppertop Ventures Group,SMB,Northeast
100975,Redwood Supply LLC,Enterprise,Midwest
100976,Harborview Consulting,SMB,West
100977,Lakeside Collective Group,SMB,West
100978,Marlowe Traders Inc,SMB,Midwest
100979,Ridgeline Systems,Mid-Market,West
100980,Prairie Manufacturing Group,Enterprise,Northeast
100981,Ironclad Collective Co,SMB,Midwest
100982,Pinnacle Works Inc,SMB,Northeast
100983,Marlowe Logistics Inc,SMB,West
100984,Bluepeak Analytics,Mid-Market,Midwest
100985,Ironclad Supply Inc,Enterprise,South
100986,Cedar Traders Group,Enterprise,South
100987,Cedar Traders,SMB,Midwest
100988,Harborview Industries Group,Mid-Market,Midwest
100989,Kestrel Systems,SMB,Northeast
100990,Lumen Coffee Co Co,SMB,South
100991,Fernbrook Consulting LLC,SMB,Midwest
100992,Quarrystone Ventures LLC,SMB,Northeast
100993,Solstice Holdings Inc,SMB,West
100994,Ironclad Media,Enterprise,Midwest
100995,Ironclad Consulting Co,SMB,Midwest
100996,Lumen Manufacturing LLC,Enterprise,Midwest
100997,Prairie Labs Inc,Enterprise,Midwest
100998,Lumen Group Co,Mid-Market,West
100999,Granite Solutions Co,SMB,South
101000,Fernbrook Group Group,Enterprise,Northeast
101001,Cedar Collective Co,SMB,Northeast
101002,Bluepeak Studios Co,SMB,Midwest
101003,Bluepeak Consulting Co,SMB,South
101004,Fernbrook Collective,Enterprise,South
101005,Summit Manufacturing Co,Enterprise,West
101006,Solstice Health Group,Enterprise,Northeast
101007,Driftwood Solutions,Mid-Market,Midwest
101008,Highgate Systems Co,SMB,South
101009,Solstice Traders LLC,Enterprise,Midwest
101010,Solstice Supply Group,Enterprise,Midwest
101011,Bluepeak Studios LLC,SMB,West
101012,Marlowe Ventures Co,Enterprise,Midwest
101013,Meadowbrook Group Group,Enterprise,Midwest
101014,Solstice Systems,SMB,West
101015,Kestrel Dynamics LLC,SMB,Midwest
101016,Summit Media,SMB,Northeast
101017,Driftwood Ventures Group,Enterprise,West
101018,Cedar Textiles LLC,SMB,Midwest
101019,Pinnacle Retail LLC,SMB,South
101020,Cobalt Coffee Co Co,Mid-Market,Midwest
101021,Wrenfield Retail Co,Enterprise,West
101022,Summit Ventures Co,Enterprise,Midwest
101023,Ridgeline Analytics,Enterprise,West
101024,Quarrystone Dynamics,SMB,South
101025,Wrenfield Partners,SMB,South
101026,Granite Textiles Co,Mid-Market,Northeast
101027,Granite Textiles Inc,SMB,Midwest
101028,Meadowbrook Collective Group,Mid-Market,South
101029,Redwood Analytics Co,Enterprise,West
101030,Amber Group Inc,Mid-Market,Midwest
101031,Juniper Manufacturing Inc,Mid-Market,Midwest
101032,Meadowbrook Holdings Inc,Mid-Market,Northeast
101033,Fernbrook Systems Co,Enterprise,West
101034,Wrenfield Solutions Inc,SMB,Northeast
101035,Granite Solutions LLC,SMB,South
101036,Meadowbrook Dynamics LLC,SMB,West
101037,Ridgeline Solutions Group,Mid-Market,South
101038,Cobalt Works Group,SMB,South
101039,Fenway Coffee Co Inc,SMB,Northeast
101040,Fernbrook Systems,Enterprise,South
101041,Cobalt Partners LLC,SMB,Northeast
101042,Wrenfield Holdings Co,Mid-Market,Midwest
101043,Wrenfield Logistics LLC,SMB,Northeast
101044,Nightshade Dynamics LLC,SMB,Northeast
101045,Granite Supply,SMB,South
101046,Fenway Holdings,SMB,South
101047,Lakeside Traders Group,Enterprise,Midwest
101048,Cobalt Works,Enterprise,Midwest
101049,Lakeside Group,Mid-Market,West
101050,Solstice Textiles,Mid-Market,West
101051,Oakhaven Analytics,Enterprise,West
101052,Bluepeak Works Co,Enterprise,Northeast
101053,Prairie Ventures,SMB,South
101054,Cobalt Dynamics Group,SMB,Northeast
101055,Oakhaven Media LLC,Mid-Market,Northeast
101056,Bluepeak Ventures,Enterprise,Northeast
101057,Harborview Retail LLC,SMB,South
101058,Fernbrook Foods Co,SMB,Northeast
101059,Driftwood Labs LLC,SMB,West
101060,Northwind Supply Group,SMB,South
101061,Amber Health Group Co,Mid-Market,Midwest
101062,Highgate Foods,SMB,West
101063,Northwind Group Inc,Enterprise,West
101064,Wrenfield Traders,Enterprise,South
101065,Pinnacle Consulting Inc,SMB,Midwest
101066,Redwood Solutions LLC,Enterprise,West
101067,Ironclad Systems Co,Enterprise,South
101068,Northwind Health Group Group,SMB,Northeast
101069,Driftwood Media LLC,SMB,West
101070,Juniper Traders Co,Enterprise,Northeast
101071,Juniper Logistics Group,SMB,West
101072,Redwood Media Co,SMB,Northeast
101073,Pinnacle Dynamics,SMB,Midwest
101074,Juniper Coffee Co Inc,SMB,South
101075,Ridgeline Logistics Inc,Mid-Market,Midwest
101076,Bluepeak Ventures LLC,SMB,Midwest
101077,Quarrystone Group Co,Mid-Market,South
101078,Lumen Foods LLC,SMB,South
101079,Driftwood Media Group,Enterprise,West
101080,Harborview Manufacturing,SMB,West
101081,Highgate Partners Group,Enterprise,Northeast
101082,Summit Analytics LLC,Enterprise,West
101083,Nightshade Retail Inc,SMB,West
101084,Kestrel Labs,Mid-Market,West
101085,Fenway Industries Inc,SMB,West
101086,Redwood Studios Group,Enterprise,West
101087,Northwind Consulting Group,Mid-Market,South
101088,Quarrystone Manufacturing Co,SMB,West
101089,Fenway Analytics Inc,SMB,Northeast
101090,Prairie Logistics Co,SMB,West
101091,Fenway Consulting,Enterprise,Midwest
101092,Wrenfield Systems LLC,Enterprise,Midwest
101093,Fenway Manufacturing LLC,SMB,South
101094,Lakeside Holdings Co,SMB,West
101095,Granite Retail Inc,SMB,Midwest
101096,Fernbrook Labs,Mid-Market,Northeast
101097,Wrenfield Coffee Co LLC,SMB,South
101098,Meadowbrook Retail LLC,SMB,West
101099,Marlowe Coffee Co Inc,Enterprise,South
101100,Nightshade Industries Inc,SMB,West
101101,Cobalt Analytics,Mid-Market,Midwest
101102,Driftwood Industries Co,SMB,Midwest
101103,Silver Fox Group LLC,SMB,Midwest
101104,Pinnacle Manufacturing Co,Mid-Market,West
101105,Lumen Industries Co,SMB,South
101106,Fenway Solutions Group,SMB,Northeast
101107,Summit Industries,Enterprise,West
101108,Lumen Retail,Enterprise,West
101109,Ridgeline Logistics,Mid-Market,West
101110,Cedar Consulting,SMB,West
101111,Ridgeline Manufacturing LLC,SMB,Northeast
101112,Lakeside Analytics Inc,SMB,West
101113,Northwind Ventures Group,Enterprise,Northeast
101114,Redwood Traders,Enterprise,West
101115,Pinnacle Ventures LLC,SMB,South
101116,Ridgeline Dynamics Group,Enterprise,Midwest
101117,Meadowbrook Collective LLC,SMB,West
101118,Juniper Group,Mid-Market,Midwest
101119,Solstice Analytics Inc,SMB,Northeast
101120,Wrenfield Group Group,SMB,West
101121,Coppertop Studios LLC,Enterprise,Northeast
101122,Pinnacle Dynamics Inc,Enterprise,Midwest
101123,Ironclad Holdings Inc,SMB,Northeast
101124,Ironclad Coffee Co LLC,SMB,Midwest
101125,Coppertop Systems Inc,Mid-Market,West
101126,Juniper Holdings LLC,SMB,Midwest
101127,Ironclad Industries Co,Mid-Market,Northeast
101128,Coppertop Manufacturing LLC,Mid-Market,Northeast
101129,Granite Ventures LLC,SMB,South
101130,Solstice Partners Inc,SMB,South
101131,Harborview Group,SMB,Midwest
101132,Cobalt Manufacturing Inc,Enterprise,Midwest
101133,Northwind Collective LLC,SMB,West
101134,Silver Fox Ventures,Mid-Market,Northeast
101135,Summit Media LLC,SMB,West
101136,Harborview Solutions Inc,Mid-Market,South
101137,Harborview Studios Group,SMB,Midwest
101138,Pinnacle Solutions Inc,SMB,South
101139,Ridgeline Media Inc,Mid-Market,Midwest
101140,Redwood Works LLC,Mid-Market,Midwest
101141,Driftwood Retail,SMB,West
101142,Cedar Solutions Co,SMB,South
101143,Meadowbrook Manufacturing,Enterprise,West
101144,Meadowbrook Retail Inc,SMB,Midwest
101145,Fenway Manufacturing,SMB,Midwest
101146,Pinnacle Textiles LLC,SMB,South
101147,Coppertop Dynamics Inc,SMB,West
101148,Silver Fox Studios Inc,Mid-Market,Midwest
101149,Cedar Health Group,Mid-Market,West
101150,Bluepeak Logistics Inc,SMB,Northeast
101151,Kestrel Health Group Group,Mid-Market,Midwest
101152,Silver Fox Solutions,SMB,Midwest
101153,Pinnacle Studios,Enterprise,South
101154,Lumen Traders Co,SMB,West
101155,Kestrel Group LLC,SMB,Midwest
101156,Harborview Labs Co,Mid-Market,Midwest
101157,Marlowe Labs Inc,SMB,Northeast
101158,Cedar Solutions LLC,SMB,Northeast
101159,Cedar Solutions Group,SMB,Northeast
101160,Cedar Manufacturing Co,Mid-Market,West
101161,Prairie Coffee Co Co,SMB,Midwest
101162,Lumen Ventures Co,Mid-Market,Midwest
101163,Marlowe Health Group LLC,Enterprise,West
101164,Nightshade Retail,Mid-Market,South
101165,Wrenfield Group,SMB,Midwest
101166,Meadowbrook Dynamics Inc,Enterprise,Northeast
101167,Oakhaven Logistics Inc,SMB,West
101168,Nightshade Collective Group,Enterprise,Midwest
101169,Wrenfield Labs Inc,Mid-Market,South
101170,Kestrel Industries,SMB,Midwest
101171,Wrenfield Media Inc,Enterprise,West
101172,Coppertop Industries,SMB,Northeast
101173,Driftwood Systems LLC,SMB,West
101174,Wrenfield Media Group,SMB,Midwest
101175,Amber Dynamics LLC,Mid-Market,Midwest
101176,Meadowbrook Analytics Group,Mid-Market,West
101177,Summit Textiles Co,Enterprise,South
101178,Meadowbrook Traders Inc,SMB,West
101179,Cobalt Logistics Group,Mid-Market,South
101180,Lakeside Traders LLC,Mid-Market,Northeast
101181,Redwood Studios Inc,Mid-Market,Midwest
101182,Cedar Partners Inc,SMB,Northeast
101183,Meadowbrook Collective Inc,SMB,South
101184,Ironclad Manufacturing Inc,Enterprise,South
101185,Harborview Ventures Group,SMB,West
101186,Kestrel Consulting Inc,SMB,Northeast
101187,Oakhaven Manufacturing LLC,SMB,West
101188,Lumen Solutions Group,SMB,West
101189,Cedar Collective,SMB,West
101190,Cobalt Solutions Co,SMB,South
101191,Quarrystone Retail Inc,Mid-Market,West
101192,Solstice Ventures LLC,Enterprise,Midwest
101193,Granite Logistics LLC,SMB,Midwest
101194,Oakhaven Group Inc,SMB,West
101195,Amber Holdings Co,Enterprise,South
101196,Harborview Partners,SMB,South
101197,Silver Fox Health Group Co,Enterprise,West
101198,Quarrystone Collective Co,Mid-Market,West
101199,Wrenfield Collective LLC,SMB,South
101200,Prairie Group Inc,SMB,South
101201,Quarrystone Retail Group,SMB,Midwest
101202,Summit Media Inc,Enterprise,Northeast
101203,Nightshade Traders LLC,SMB,Northeast
101204,Granite Partners Inc,Enterprise,West
101205,Coppertop Foods Inc,Enterprise,Northeast
101206,Highgate Industries Group,Enterprise,Northeast
101207,Lumen Coffee Co Inc,Enterprise,Midwest
101208,Fenway Health Group Inc,SMB,Midwest
101209,Quarrystone Studios LLC,SMB,Northeast
101210,Harborview Collective Group,Enterprise,South
101211,Juniper Consulting Group,SMB,Northeast
101212,Marlowe Media,SMB,Midwest
101213,Lakeside Analytics Co,SMB,Northeast
101214,Kestrel Coffee Co LLC,SMB,South
101215,Cedar Ventures Group,Enterprise,West
101216,Oakhaven Health Group Co,SMB,West
101217,Pinnacle Health Group LLC,Mid-Market,Midwest
101218,Redwood Group,Enterprise,South
101219,Northwind Supply LLC,SMB,Midwest
101220,Nightshade Labs Co,Enterprise,South
101221,Amber Consulting,SMB,South
101222,Ironclad Collective Inc,SMB,West
101223,Juniper Holdings Inc,SMB,South
101224,Fenway Studios,SMB,South
101225,Ridgeline Analytics Co,SMB,West
101226,Highgate Coffee Co,SMB,South
101227,Oakhaven Coffee Co Group,SMB,West
101228,Juniper Dynamics Group,SMB,West
101229,Oakhaven Consulting,Mid-Market,Northeast
101230,Granite Labs LLC,SMB,West
101231,Summit Consulting Inc,Enterprise,Northeast
101232,Cobalt Partners Group,Enterprise,Midwest
101233,Cedar Textiles Inc,Mid-Market,Northeast
101234,Lakeside Logistics Co,Mid-Market,Midwest
101235,Silver Fox Analytics Inc,Mid-Market,South
101236,Fenway Logistics,Mid-Market,Northeast
101237,Kestrel Works LLC,Enterprise,South
101238,Lakeside Solutions,Enterprise,Northeast
101239,Lakeside Textiles Co,SMB,Northeast
101240,Cedar Studios Inc,Mid-Market,Midwest
101241,Bluepeak Supply,Enterprise,South
101242,Amber Works LLC,SMB,West
101243,Highgate Foods Group,SMB,Northeast
101244,Cobalt Partners,Mid-Market,West
101245,Granite Logistics Co,Mid-Market,South
101246,Juniper Coffee Co,SMB,West
101247,Ridgeline Group Co,SMB,Northeast
101248,Nightshade Traders,SMB,South
101249,Northwind Systems Group,Mid-Market,South
101250,Kestrel Foods LLC,Enterprise,South
101251,Summit Labs LLC,Enterprise,Midwest
101252,Fenway Works Group,SMB,South
101253,Amber Coffee Co LLC,SMB,Midwest
101254,Oakhaven Dynamics LLC,Enterprise,West
101255,Quarrystone Traders Inc,Mid-Market,West
101256,Amber Supply Group,SMB,Midwest
101257,Harborview Partners Group,SMB,Midwest
101258,Highgate Labs Inc,SMB,South
101259,Marlowe Consulting,Enterprise,South
101260,Silver Fox Retail LLC,Mid-Market,Midwest
101261,Granite Holdings Inc,SMB,West
101262,Marlowe Group Inc,Enterprise,Midwest
101263,Driftwood Systems,Mid-Market,West
101264,Solstice Holdings Group,Enterprise,Northeast
101265,Nightshade Supply Inc,SMB,South
101266,Solstice Analytics LLC,SMB,West
101267,Fenway Labs,Enterprise,Northeast
101268,Cedar Group LLC,Enterprise,West
101269,Ridgeline Dynamics Inc,Enterprise,Northeast
101270,Coppertop Logistics LLC,Enterprise,Midwest
101271,Driftwood Health Group Inc,SMB,West
101272,Lumen Holdings Co,SMB,South
101273,Redwood Systems Co,SMB,Northeast
101274,Fenway Group Inc,Enterprise,Midwest
101275,Summit Solutions LLC,SMB,Midwest
101276,Highgate Collective Group,Enterprise,Northeast
101277,Silver Fox Supply Inc,Enterprise,South
101278,Cedar Logistics Co,Enterprise,Northeast
101279,Kestrel Group,Enterprise,South
101280,Prairie Collective Group,Mid-Market,Northeast
101281,Juniper Supply,SMB,Northeast
101282,Northwind Holdings Group,Enterprise,South
101283,Driftwood Manufacturing Co,SMB,West
101284,Northwind Works Group,SMB,Midwest
101285,Juniper Collective LLC,Enterprise,Midwest
101286,Amber Studios Group,Mid-Market,Midwest
101287,Highgate Logistics Group,SMB,South
101288,Northwind Health Group,SMB,Midwest
101289,Ridgeline Media,SMB,Midwest
101290,Summit Retail LLC,Enterprise,South
101291,Nightshade Systems,Mid-Market,West
101292,Nightshade Systems Co,SMB,South
101293,Cobalt Retail Co,Mid-Market,Midwest
101294,Driftwood Ventures,Enterprise,West
101295,Lumen Health Group Group,Enterprise,Midwest
101296,Summit Coffee Co Co,SMB,West
101297,Highgate Studios,Mid-Market,Midwest
101298,Coppertop Health Group,SMB,South
101299,Bluepeak Coffee Co Co,SMB,Northeast
101300,Cobalt Dynamics LLC,SMB,Northeast
101301,Fenway Retail Co,SMB,South
101302,Solstice Group Group,Mid-Market,Midwest
101303,Northwind Ventures Inc,SMB,South
101304,Granite Traders Co,SMB,West
101305,Prairie Textiles,SMB,West
101306,Prairie Retail Group,SMB,Northeast
101307,Quarrystone Textiles LLC,Mid-Market,South
101308,Ridgeline Foods Group,SMB,Northeast
101309,Coppertop Group Co,SMB,Northeast
101310,Marlowe Works LLC,Enterprise,Northeast
101311,Quarrystone Solutions Group,SMB,Northeast
101312,Oakhaven Partners LLC,Enterprise,Northeast
101313,Bluepeak Ventures Group,Mid-Market,Midwest
101314,Northwind Partners Co,Mid-Market,Northeast
101315,Marlowe Ventures Inc,Mid-Market,Northeast
101316,Fernbrook Collective LLC,SMB,Northeast
101317,Highgate Consulting Group,Enterprise,South
101318,Summit Dynamics Inc,Enterprise,Midwest
101319,Summit Works Inc,SMB,South
101320,Quarrystone Collective,Enterprise,South
101321,Driftwood Health Group Co,SMB,Midwest
101322,Lakeside Coffee Co Group,Enterprise,West
101323,Lumen Analytics Inc,Enterprise,Midwest
101324,Redwood Studios LLC,SMB,Midwest
101325,Lakeside Consulting LLC,Enterprise,South
101326,Silver Fox Works Inc,Enterprise,Midwest
101327,Prairie Industries Group,Mid-Market,Northeast
101328,Solstice Logistics Co,SMB,Midwest
101329,Granite Solutions Inc,Enterprise,Midwest
101330,Summit Systems Inc,Mid-Market,Midwest
101331,Amber Supply Co,SMB,South
101332,Kestrel Solutions Inc,Enterprise,Midwest
101333,Fenway Systems Co,Mid-Market,South
101334,Ridgeline Coffee Co Inc,Enterprise,Midwest
101335,Meadowbrook Manufacturing LLC,Mid-Market,South
101336,Harborview Ventures Inc,SMB,South
101337,Redwood Holdings Co,Enterprise,West
101338,Granite Textiles LLC,Mid-Market,South
101339,Northwind Ventures,SMB,Northeast
101340,Solstice Partners,SMB,South
101341,Ridgeline Textiles,SMB,Midwest
101342,Kestrel Media Group,Mid-Market,West
101343,Coppertop Systems,SMB,South
101344,Marlowe Group Group,Enterprise,West
101345,Harborview Analytics Group,Enterprise,Northeast
101346,Coppertop Coffee Co Inc,Enterprise,West
101347,Juniper Logistics Inc,SMB,South
101348,Prairie Logistics LLC,Mid-Market,South
101349,Lumen Partners Group,SMB,West
101350,Harborview Works Inc,Enterprise,West
101351,Cedar Retail LLC,SMB,South
101352,Nightshade Holdings LLC,Enterprise,West
101353,Prairie Media Co,SMB,Midwest
101354,Fernbrook Traders Inc,SMB,South
101355,Marlowe Industries LLC,Enterprise,Midwest
101356,Granite Labs,SMB,West
101357,Fenway Analytics LLC,Enterprise,Northeast
101358,Fenway Logistics Inc,Enterprise,Midwest
101359,Nightshade Systems Group,SMB,Northeast
101360,Pinnacle Collective Inc,SMB,Midwest
101361,Oakhaven Collective Group,Mid-Market,Northeast
101362,Pinnacle Collective LLC,Enterprise,Northeast
101363,Prairie Consulting Co,Enterprise,Northeast
101364,Northwind Manufacturing Co,SMB,Midwest
101365,Meadowbrook Dynamics,Mid-Market,West
101366,Cobalt Media Group,SMB,Midwest
101367,Highgate Industries,Mid-Market,South
101368,Wrenfield Foods LLC,Enterprise,Midwest
101369,Marlowe Textiles,Enterprise,Midwest
101370,Juniper Ventures Group,SMB,Northeast
101371,Silver Fox Ventures Group,SMB,Northeast
101372,Ironclad Group,SMB,South
101373,Ridgeline Logistics LLC,SMB,West
101374,Meadowbrook Works Inc,SMB,Northeast
101375,Kestrel Traders LLC,Enterprise,South
101376,Coppertop Textiles LLC,SMB,Midwest
101377,Summit Supply Co,SMB,South
101378,Bluepeak Studios Group,Mid-Market,Northeast
101379,Highgate Textiles Group,SMB,Northeast
101380,Marlowe Textiles Group,SMB,Northeast
101381,Cobalt Textiles LLC,Enterprise,Midwest
101382,Solstice Manufacturing Inc,SMB,West
101383,Amber Media Inc,SMB,West
101384,Cobalt Foods LLC,Mid-Market,West
101385,Marlowe Holdings Co,SMB,West
101386,Marlowe Systems Group,SMB,Midwest
101387,Cobalt Partners Inc,SMB,South
101388,Lumen Ventures Inc,SMB,West
101389,Ironclad Manufacturing LLC,Enterprise,West
101390,Coppertop Textiles,SMB,Midwest
101391,Oakhaven Foods Group,SMB,South
101392,Amber Group,SMB,West
101393,Summit Coffee Co Group,Enterprise,Northeast
101394,Nightshade Holdings Co,SMB,South
101395,Redwood Coffee Co Inc,Enterprise,West
101396,Juniper Coffee Co LLC,SMB,South
101397,Redwood Collective Inc,Enterprise,South
101398,Bluepeak Retail,SMB,Midwest
101399,Summit Partners Group,SMB,South
101400,Granite Foods Group,SMB,West
101401,Redwood Industries Group,SMB,Midwest
101402,Kestrel Group Co,Enterprise,South
101403,Granite Analytics,Mid-Market,Northeast
101404,Fenway Health Group LLC,Mid-Market,South
101405,Lumen Logistics,SMB,Midwest
101406,Redwood Manufacturing Co,Mid-Market,Northeast
101407,Cedar Systems Group,SMB,Northeast
101408,Cedar Studios Group,Enterprise,Northeast
101409,Summit Logistics Inc,Mid-Market,West
101410,Kestrel Group Inc,Mid-Market,Midwest
101411,Bluepeak Labs,Enterprise,West
101412,Lakeside Solutions Inc,Mid-Market,Midwest
101413,Nightshade Supply,Mid-Market,Northeast
101414,Cobalt Collective LLC,SMB,West
101415,Lumen Collective Group,Mid-Market,Northeast
101416,Highgate Systems LLC,SMB,Northeast
101417,Solstice Partners Co,SMB,West
101418,Cobalt Studios,Enterprise,Midwest
101419,Cedar Health Group Group,SMB,South
101420,Highgate Traders Group,Mid-Market,South
101421,Marlowe Dynamics Inc,SMB,South
101422,Prairie Studios Co,SMB,Northeast
101423,Northwind Foods Co,Enterprise,Northeast
101424,Driftwood Retail Co,SMB,South
101425,Prairie Media,Mid-Market,West
101426,Highgate Foods Co,Mid-Market,South
101427,Juniper Industries LLC,Enterprise,Midwest
101428,Summit Group Co,SMB,South
101429,Cedar Media Co,Enterprise,West
101430,Bluepeak Dynamics Group,SMB,South
101431,Redwood Partners Group,SMB,South
101432,Kestrel Labs Inc,SMB,Midwest
101433,Cobalt Health Group,SMB,Midwest
101434,Fenway Foods Co,SMB,Midwest
101435,Prairie Coffee Co,SMB,West
101436,Bluepeak Group Inc,SMB,South
101437,Highgate Consulting,Mid-Market,Midwest
101438,Solstice Coffee Co LLC,SMB,Midwest
101439,Summit Industries Inc,SMB,Northeast
101440,Highgate Health Group,SMB,Northeast
101441,Ridgeline Solutions Co,SMB,Midwest
101442,Northwind Media Inc,Mid-Market,West
101443,Bluepeak Works Group,Enterprise,South
101444,Redwood Ventures,Mid-Market,Midwest
101445,Bluepeak Group LLC,Mid-Market,Midwest
101446,Marlowe Labs Co,SMB,Midwest
101447,Silver Fox Partners Group,Enterprise,Midwest
101448,Fernbrook Media Inc,SMB,Northeast
101449,Redwood Retail Co,SMB,Midwest
101450,Coppertop Consulting LLC,SMB,Northeast
101451,Solstice Labs Inc,SMB,Midwest
101452,Kestrel Foods Inc,Enterprise,West
101453,Cobalt Collective Inc,SMB,Northeast
101454,Cobalt Traders,SMB,Midwest
101455,Driftwood Textiles Inc,SMB,Midwest
101456,Wrenfield Studios Group,Enterprise,Northeast
101457,Wrenfield Studios LLC,Enterprise,West
101458,Solstice Partners Group,Enterprise,Midwest
101459,Wrenfield Logistics Co,Enterprise,Northeast
101460,Wrenfield Holdings LLC,Enterprise,West
101461,Nightshade Supply Group,SMB,Northeast
101462,Wrenfield Partners LLC,SMB,Midwest
101463,Northwind Labs Co,SMB,Northeast
101464,Pinnacle Supply Group,SMB,Midwest
101465,Bluepeak Supply Inc,Mid-Market,South
101466,Redwood Industries,SMB,South
101467,Harborview Analytics,SMB,Northeast
101468,Cedar Studios LLC,Mid-Market,Midwest
101469,Summit Studios Inc,SMB,Midwest
101470,Quarrystone Textiles,SMB,West
101471,Juniper Analytics,SMB,South
101472,Driftwood Systems Group,Mid-Market,Northeast
101473,Oakhaven Health Group LLC,SMB,West
101474,Solstice Solutions Inc,SMB,Midwest
101475,Amber Textiles Co,SMB,South
101476,Cobalt Traders LLC,Enterprise,Northeast
101477,Driftwood Holdings Group,SMB,Midwest
101478,Solstice Studios,SMB,South
101479,Nightshade Collective,Enterprise,South
101480,Fenway Ventures Co,Enterprise,Northeast
101481,Amber Retail Inc,SMB,South
101482,Highgate Industries LLC,SMB,Midwest
101483,Summit Ventures Group,SMB,Northeast
101484,Amber Ventures Inc,Mid-Market,West
101485,Juniper Supply Group,SMB,West
101486,Meadowbrook Partners,Enterprise,Northeast
101487,Bluepeak Analytics Group,Enterprise,South
101488,Ridgeline Logistics Co,Mid-Market,South
101489,Fenway Ventures LLC,SMB,Midwest
101490,Lumen Coffee Co Group,Enterprise,South
101491,Fernbrook Collective Group,Mid-Market,Midwest
101492,Prairie Industries,Enterprise,West
101493,Pinnacle Analytics Co,SMB,Northeast
101494,Harborview Ventures LLC,Mid-Market,Northeast
101495,Nightshade Manufacturing,Enterprise,Midwest
101496,Meadowbrook Media,Enterprise,Northeast
101497,Fernbrook Manufacturing,Mid-Market,Midwest
101498,Meadowbrook Solutions Group,SMB,South
101499,Redwood Textiles Group,SMB,Midwest
101500,Ironclad Partners Co,Mid-Market,Northeast
101501,Juniper Foods Co,Enterprise,Midwest
101502,Driftwood Collective,Mid-Market,Midwest
101503,Kestrel Supply Co,SMB,Northeast
101504,Driftwood Logistics,SMB,South
101505,Pinnacle Analytics Inc,Mid-Market,Northeast
101506,Pinnacle Works,Enterprise,South
101507,Granite Collective LLC,SMB,South
101508,Amber Works Co,SMB,Northeast
101509,Ridgeline Labs,Enterprise,South
101510,Driftwood Works Co,SMB,Northeast
101511,Cobalt Media Inc,SMB,West
101512,Fenway Ventures,SMB,West
101513,Cedar Textiles Co,SMB,West
101514,Fernbrook Health Group LLC,SMB,South
101515,Fenway Studios Group,Mid-Market,Midwest
101516,Highgate Industries Inc,Mid-Market,Northeast
101517,Quarrystone Foods,Mid-Market,West
101518,Cobalt Studios LLC,Mid-Market,Northeast
101519,Meadowbrook Textiles Inc,SMB,South
101520,Amber Supply LLC,SMB,Northeast
101521,Ironclad Studios LLC,SMB,Northeast
101522,Nightshade Group,SMB,Northeast
101523,Amber Labs Inc,Mid-Market,West
101524,Northwind Retail Inc,SMB,Midwest
101525,Coppertop Foods,Mid-Market,Midwest
101526,Juniper Health Group Group,SMB,South
101527,Lakeside Studios,SMB,Midwest
101528,Coppertop Foods Group,SMB,Midwest
101529,Highgate Labs LLC,SMB,Northeast
101530,Solstice Textiles Co,Mid-Market,Northeast
101531,Bluepeak Dynamics,Enterprise,Midwest
101532,Highgate Solutions Co,SMB,South
101533,Fernbrook Coffee Co Co,Mid-Market,Midwest
101534,Driftwood Health Group Group,Enterprise,Northeast
101535,Ironclad Analytics Group,SMB,Midwest
101536,Bluepeak Health Group Group,SMB,Northeast
101537,Prairie Collective Inc,SMB,Midwest
101538,Coppertop Traders LLC,SMB,South
101539,Pinnacle Textiles Co,Enterprise,South
101540,Ironclad Analytics Co,SMB,Midwest
101541,Northwind Consulting Inc,SMB,Midwest
101542,Lakeside Industries Group,Enterprise,South
101543,Cedar Works LLC,SMB,Northeast
101544,Lakeside Collective Co,Mid-Market,Midwest
101545,Cedar Health Group Co,SMB,Midwest
101546,Fenway Foods Inc,SMB,Northeast
101547,Fernbrook Studios Co,SMB,West
101548,Marlowe Labs LLC,SMB,West
101549,Summit Works Group,SMB,Midwest
101550,Coppertop Group,Mid-Market,Northeast
101551,Coppertop Dynamics,Mid-Market,Northeast
101552,Solstice Collective,Mid-Market,West
101553,Meadowbrook Supply Inc,SMB,Northeast
101554,Coppertop Health Group Inc,Enterprise,Midwest
101555,Prairie Logistics Group,SMB,South
101556,Northwind Dynamics Co,Enterprise,West
101557,Northwind Holdings LLC,Mid-Market,Northeast
101558,Granite Ventures Co,Mid-Market,Midwest
101559,Juniper Health Group Co,SMB,Midwest
101560,Driftwood Analytics,Enterprise,South
101561,Kestrel Holdings Group,Mid-Market,South
101562,Fenway Dynamics Inc,SMB,West
101563,Fernbrook Analytics Group,Enterprise,Midwest
101564,Granite Works Inc,SMB,Northeast
101565,Lumen Consulting,SMB,Northeast
101566,Fenway Systems Inc,Mid-Market,Midwest
101567,Harborview Health Group Co,Enterprise,Midwest
101568,Juniper Solutions,SMB,Northeast
101569,Redwood Labs LLC,SMB,Northeast
101570,Fenway Works LLC,SMB,West
101571,Nightshade Studios,SMB,West
101572,Cobalt Studios Inc,SMB,Northeast
101573,Marlowe Supply Inc,SMB,Northeast
101574,Ironclad Media Inc,Enterprise,West
101575,Northwind Labs Group,SMB,Midwest
101576,Ridgeline Supply Group,SMB,Midwest
101577,Northwind Holdings Inc,SMB,South
101578,Fernbrook Holdings,SMB,Midwest
101579,Juniper Systems Group,SMB,Midwest
101580,Northwind Analytics Group,SMB,West
101581,Kestrel Retail Co,SMB,West
101582,Lakeside Coffee Co LLC,SMB,Midwest
101583,Driftwood Solutions Co,Mid-Market,South
101584,Meadowbrook Works LLC,Enterprise,Midwest
101585,Marlowe Logistics,SMB,West
101586,Northwind Dynamics,SMB,West
101587,Quarrystone Ventures,SMB,South
101588,Ironclad Health Group,SMB,West
101589,Meadowbrook Systems LLC,Mid-Market,West
101590,Kestrel Textiles Inc,Mid-Market,Midwest
101591,Summit Systems,SMB,South
101592,Pinnacle Industries Co,SMB,Midwest
101593,Granite Solutions Group,SMB,Northeast
101594,Pinnacle Ventures Co,SMB,Northeast
101595,Redwood Solutions Group,Enterprise,Northeast
101596,Juniper Dynamics Co,SMB,West
101597,Prairie Group Co,SMB,Midwest
101598,Meadowbrook Retail Co,SMB,Northeast
101599,Lakeside Works Inc,SMB,Northeast
101600,Fenway Industries Group,SMB,West
101601,Northwind Labs Inc,SMB,West
101602,Highgate Logistics,SMB,South
101603,Lumen Works Group,SMB,Midwest
101604,Fenway Partners Inc,Mid-Market,South
101605,Amber Logistics LLC,SMB,Northeast
101606,Meadowbrook Supply,SMB,Northeast
101607,Redwood Retail,Enterprise,West
101608,Harborview Consulting Group,SMB,Midwest
101609,Silver Fox Ventures Inc,Enterprise,South
101610,Lumen Studios,Enterprise,Northeast
101611,Harborview Collective LLC,SMB,South
101612,Fenway Retail Inc,SMB,Midwest
101613,Marlowe Health Group Group,Enterprise,South
101614,Granite Media,SMB,Northeast
101615,Ridgeline Industries LLC,SMB,West
101616,Wrenfield Manufacturing Group,Mid-Market,South
101617,Amber Holdings,SMB,Midwest
101618,Fenway Works,Enterprise,Northeast
101619,Fenway Systems,Mid-Market,South
101620,Prairie Holdings Inc,Enterprise,Midwest
101621,Cedar Coffee Co LLC,Mid-Market,Midwest
101622,Bluepeak Media,Mid-Market,West
101623,Quarrystone Studios,SMB,Midwest
101624,Quarrystone Dynamics Inc,Enterprise,South
101625,Cobalt Logistics Co,Enterprise,South
101626,Highgate Ventures LLC,Enterprise,Midwest
101627,Summit Analytics Inc,Enterprise,Midwest
101628,Northwind Manufacturing,Mid-Market,South
101629,Cedar Analytics,SMB,West
101630,Nightshade Partners,Enterprise,South
101631,Driftwood Analytics LLC,SMB,South
101632,Northwind Supply,SMB,Northeast
101633,Solstice Media Inc,SMB,Northeast
101634,Driftwood Ventures Co,Mid-Market,West
101635,Cobalt Systems LLC,Mid-Market,West
101636,Quarrystone Retail Co,SMB,Northeast
101637,Amber Analytics,SMB,Northeast
101638,Prairie Solutions LLC,SMB,Northeast
101639,Granite Consulting Inc,SMB,West
101640,Oakhaven Dynamics,SMB,Northeast
101641,Pinnacle Traders Inc,Mid-Market,Northeast
101642,Lakeside Media LLC,SMB,Midwest
101643,Cedar Supply Co,SMB,South
101644,Ridgeline Consulting Co,SMB,West
101645,Summit Health Group Inc,SMB,South
101646,Cedar Group Group,Enterprise,South
101647,Cedar Foods LLC,SMB,West
101648,Coppertop Logistics Inc,SMB,Northeast
101649,Pinnacle Industries,Mid-Market,West
101650,Coppertop Analytics,SMB,West
101651,Oakhaven Labs Inc,Enterprise,South
101652,Coppertop Collective,Enterprise,Midwest
101653,Bluepeak Media Inc,Mid-Market,Midwest
101654,Quarrystone Media LLC,Enterprise,Midwest
101655,Silver Fox Manufacturing LLC,SMB,Midwest
101656,Coppertop Consulting,SMB,West
101657,Oakhaven Industries,SMB,Midwest
101658,Juniper Consulting Co,SMB,Midwest
101659,Lakeside Partners Group,SMB,Northeast
101660,Redwood Consulting Inc,SMB,South
101661,Quarrystone Coffee Co Inc,SMB,Northeast
101662,Prairie Group LLC,SMB,Northeast
101663,Pinnacle Partners LLC,Mid-Market,Northeast
101664,Redwood Logistics LLC,SMB,South
101665,Highgate Dynamics LLC,SMB,Northeast
101666,Oakhaven Analytics Inc,SMB,Northeast
101667,Fernbrook Coffee Co Inc,Mid-Market,South
101668,Nightshade Traders Co,SMB,Northeast
101669,Harborview Traders Co,Mid-Market,Northeast
101670,Solstice Industries LLC,SMB,South
101671,Pinnacle Traders Group,SMB,Northeast
101672,Redwood Retail Inc,Enterprise,West
101673,Oakhaven Industries Co,SMB,West
101674,Ridgeline Analytics LLC,SMB,Midwest
101675,Amber Studios Co,SMB,Midwest
101676,Silver Fox Manufacturing Co,SMB,South
101677,Harborview Textiles Inc,SMB,Northeast
101678,Highgate Supply Group,SMB,Northeast
101679,Oakhaven Holdings Group,SMB,West
101680,Pinnacle Dynamics LLC,Enterprise,Midwest
101681,Meadowbrook Ventures,SMB,Midwest
101682,Kestrel Logistics,SMB,Northeast
101683,Northwind Collective Inc,Enterprise,South
101684,Harborview Collective,SMB,West
101685,Summit Partners,Enterprise,West
101686,Lakeside Coffee Co,SMB,West
101687,Ridgeline Partners Co,Mid-Market,South
101688,Fenway Solutions,Enterprise,South
101689,Pinnacle Coffee Co,SMB,Midwest
101690,Cedar Works Inc,Enterprise,West
101691,Solstice Media Co,Mid-Market,West
101692,Silver Fox Coffee Co Inc,Enterprise,Midwest
101693,Cedar Works,SMB,South
101694,Ridgeline Works LLC,SMB,Northeast
101695,Redwood Consulting Co,SMB,South
101696,Coppertop Systems Co,Enterprise,Midwest
101697,Wrenfield Works Group,SMB,West
101698,Wrenfield Collective,SMB,West
101699,Juniper Traders Group,Enterprise,West
101700,Bluepeak Holdings Inc,SMB,Midwest
101701,Cobalt Works Inc,Mid-Market,Midwest
101702,Juniper Ventures Co,SMB,West
101703,Silver Fox Textiles LLC,Mid-Market,South
101704,Nightshade Collective LLC,SMB,West
101705,Ridgeline Systems Inc,SMB,Midwest
101706,Lakeside Health Group Co,SMB,South
101707,Cobalt Ventures LLC,SMB,Northeast
101708,Highgate Media Inc,SMB,Midwest
101709,Redwood Dynamics Co,SMB,Northeast
101710,Pinnacle Health Group Group,Mid-Market,Midwest
101711,Ironclad Traders LLC,SMB,South
101712,Redwood Health Group Group,SMB,South
101713,Nightshade Supply LLC,SMB,Midwest
101714,Harborview Solutions,SMB,West
101715,Coppertop Group Group,Mid-Market,Midwest
101716,Ridgeline Coffee Co,SMB,Northeast
101717,Driftwood Holdings Inc,Enterprise,Midwest
101718,Lumen Health Group Inc,Mid-Market,West
101719,Prairie Foods Inc,Enterprise,Midwest
101720,Silver Fox Collective Co,Mid-Market,South
101721,Granite Partners LLC,SMB,Midwest
101722,Nightshade Partners LLC,Enterprise,Northeast
101723,Amber Industries Group,Enterprise,South
101724,Redwood Health Group LLC,Mid-Market,South
101725,Driftwood Industries,SMB,Midwest
101726,Pinnacle Collective,SMB,Midwest
101727,Marlowe Labs Group,Mid-Market,South
101728,Nightshade Foods Inc,SMB,South
101729,Ironclad Labs Group,Mid-Market,Northeast
101730,Oakhaven Consulting Inc,SMB,Midwest
101731,Prairie Traders,SMB,Midwest
101732,Juniper Textiles Group,SMB,Northeast
101733,Oakhaven Works Group,SMB,West
101734,Coppertop Supply LLC,SMB,Midwest
101735,Fenway Consulting Group,Enterprise,West
101736,Northwind Studios Inc,Mid-Market,South
101737,Meadowbrook Traders LLC,Enterprise,Midwest
101738,Ridgeline Systems Group,Mid-Market,South
101739,Kestrel Collective Inc,Enterprise,South
101740,Quarrystone Foods LLC,SMB,Northeast
101741,Harborview Coffee Co LLC,Enterprise,Midwest
101742,Ridgeline Foods LLC,Enterprise,Northeast
101743,Quarrystone Labs,Mid-Market,Northeast
101744,Redwood Analytics Inc,SMB,Northeast
101745,Meadowbrook Health Group,Mid-Market,South
101746,Meadowbrook Foods Inc,SMB,Midwest
101747,Fernbrook Textiles Inc,SMB,Northeast
101748,Redwood Health Group,Mid-Market,South
101749,Oakhaven Collective Co,Enterprise,Midwest
101750,Cobalt Holdings LLC,SMB,Midwest
101751,Nightshade Studios Inc,SMB,Northeast
101752,Quarrystone Industries Co,Enterprise,South
101753,Meadowbrook Manufacturing Co,SMB,South
101754,Summit Labs Group,SMB,South
101755,Bluepeak Holdings Group,Mid-Market,South
101756,Fernbrook Analytics,Enterprise,Midwest
101757,Bluepeak Supply Co,SMB,Northeast
101758,Bluepeak Manufacturing Group,SMB,West
101759,Ironclad Consulting,SMB,Midwest
101760,Silver Fox Foods Inc,SMB,South
101761,Quarrystone Foods Group,Enterprise,West
101762,Cedar Industries,Enterprise,South
101763,Oakhaven Consulting Co,SMB,Northeast
101764,Bluepeak Foods Group,SMB,West
101765,Silver Fox Group Co,SMB,Midwest
101766,Kestrel Studios,SMB,Midwest
101767,Lumen Collective Inc,SMB,West
101768,Lakeside Logistics Group,SMB,Midwest
101769,Cedar Health Group Inc,Enterprise,Northeast
101770,Driftwood Retail Inc,SMB,South
101771,Highgate Coffee Co Inc,Mid-Market,Northeast
101772,Driftwood Health Group,SMB,Northeast
101773,Fenway Studios LLC,Enterprise,Northeast
101774,Northwind Consulting Co,Enterprise,West
101775,Wrenfield Systems Group,SMB,South
101776,Marlowe Consulting Group,SMB,West
101777,Oakhaven Group Group,Mid-Market,Northeast
101778,Quarrystone Health Group LLC,SMB,Northeast
101779,Prairie Partners LLC,SMB,Midwest
101780,Redwood Holdings Group,SMB,Midwest
101781,Meadowbrook Systems Co,Enterprise,Northeast
101782,Harborview Labs LLC,SMB,Northeast
101783,Cobalt Collective,SMB,South
101784,Juniper Dynamics Inc,SMB,South
101785,Meadowbrook Media Co,Mid-Market,Midwest
101786,Quarrystone Works Co,SMB,Northeast
101787,Nightshade Collective Co,Enterprise,Midwest
101788,Solstice Retail Inc,Mid-Market,Midwest
101789,Amber Manufacturing Inc,SMB,Northeast
101790,Fenway Coffee Co Group,SMB,South
101791,Wrenfield Labs Group,Enterprise,Midwest
101792,Redwood Foods Inc,Enterprise,West
101793,Bluepeak Partners Inc,SMB,Northeast
101794,Driftwood Partners Group,SMB,West
101795,Amber Works Inc,SMB,South
101796,Driftwood Traders Group,SMB,South
101797,Fernbrook Supply LLC,SMB,South
101798,Wrenfield Foods Inc,SMB,Northeast
101799,Ironclad Dynamics LLC,SMB,Midwest
101800,Harborview Partners LLC,Enterprise,South
101801,Fernbrook Media Co,Enterprise,South
101802,Quarrystone Systems Group,Enterprise,South
101803,Bluepeak Traders Co,Mid-Market,Northeast
101804,Wrenfield Studios Inc,Mid-Market,Northeast
101805,Fenway Analytics Co,SMB,Midwest
101806,Lumen Consulting Co,Mid-Market,Northeast
101807,Marlowe Solutions Co,SMB,Northeast
101808,Driftwood Health Group LLC,SMB,Northeast
101809,Wrenfield Health Group Co,Enterprise,South
101810,Solstice Ventures Co,Enterprise,West
101811,Lumen Consulting Inc,SMB,Midwest
101812,Silver Fox Holdings Group,Mid-Market,West
101813,Fernbrook Industries Co,SMB,West
101814,Coppertop Ventures Co,SMB,West
101815,Juniper Industries Inc,SMB,South
101816,Wrenfield Industries Inc,SMB,South
101817,Highgate Holdings LLC,Mid-Market,Northeast
101818,Marlowe Coffee Co Group,SMB,Northeast
101819,Granite Manufacturing LLC,SMB,Midwest
101820,Driftwood Holdings LLC,Enterprise,South
101821,Marlowe Supply LLC,SMB,South
101822,Ridgeline Partners LLC,SMB,West
101823,Bluepeak Coffee Co,SMB,Midwest
101824,Solstice Manufacturing Group,SMB,West
101825,Bluepeak Coffee Co LLC,SMB,South
101826,Marlowe Solutions LLC,Mid-Market,Midwest
101827,Meadowbrook Industries,Enterprise,West
101828,Redwood Ventures LLC,SMB,West
101829,Nightshade Solutions Group,SMB,West
101830,Driftwood Ventures Inc,SMB,West
101831,Northwind Textiles Group,Enterprise,South
101832,Prairie Systems,SMB,Midwest
101833,Wrenfield Analytics Co,SMB,West
101834,Oakhaven Industries LLC,Enterprise,South
101835,Highgate Works,Mid-Market,South
101836,Coppertop Partners Co,SMB,Northeast
101837,Summit Foods LLC,SMB,South
101838,Prairie Supply Group,SMB,Northeast
101839,Juniper Coffee Co Co,Enterprise,Northeast
101840,Amber Traders Inc,SMB,South
101841,Lumen Supply Inc,SMB,Northeast
101842,Cedar Solutions,Mid-Market,Northeast
101843,Driftwood Works,SMB,West
101844,Silver Fox Dynamics Co,SMB,West
101845,Quarrystone Labs Co,Enterprise,South
101846,Harborview Traders,SMB,West
101847,Harborview Traders Inc,Enterprise,Midwest
101848,Silver Fox Studios LLC,Enterprise,Midwest
101849,Harborview Analytics Co,SMB,South
101850,Wrenfield Media Co,Mid-Market,Northeast
101851,Quarrystone Systems,Enterprise,Midwest
101852,Ridgeline Industries Co,Mid-Market,Midwest
101853,Ironclad Systems,Mid-Market,Midwest
101854,Driftwood Logistics Group,SMB,Midwest
101855,Northwind Partners,SMB,South
101856,Fernbrook Retail,Mid-Market,West
101857,Cobalt Foods Inc,SMB,West
101858,Lakeside Retail Inc,SMB,Midwest
101859,Cedar Consulting Inc,SMB,West
101860,Ridgeline Media Group,SMB,South
101861,Wrenfield Ventures,Enterprise,South
101862,Meadowbrook Foods,Enterprise,Northeast
101863,Harborview Logistics Co,Enterprise,West
101864,Meadowbrook Studios LLC,SMB,Northeast
101865,Cobalt Logistics,SMB,South
101866,Wrenfield Analytics Inc,Enterprise,South
101867,Driftwood Manufacturing Inc,SMB,Midwest
101868,Pinnacle Systems,Mid-Market,Northeast
101869,Wrenfield Systems Inc,Mid-Market,Midwest
101870,Summit Partners Inc,SMB,West
101871,Cedar Studios Co,SMB,Northeast
101872,Wrenfield Collective Co,Mid-Market,West
101873,Lumen Manufacturing Group,SMB,South
101874,Fernbrook Collective Inc,Enterprise,South
101875,Redwood Logistics Inc,Mid-Market,Midwest
101876,Northwind Textiles Co,SMB,Midwest
101877,Granite Works Group,Mid-Market,South
101878,Redwood Textiles,SMB,Midwest
101879,Prairie Holdings Group,SMB,Northeast
101880,Kestrel Media LLC,Enterprise,South
101881,Meadowbrook Partners Inc,Mid-Market,Northeast
101882,Silver Fox Manufacturing Inc,Mid-Market,Midwest
101883,Coppertop Traders Co,Enterprise,South
101884,Solstice Solutions,SMB,West
101885,Highgate Logistics LLC,SMB,Northeast
101886,Amber Consulting Co,SMB,West
101887,Ironclad Studios Inc,SMB,West
101888,Ridgeline Ventures Co,SMB,West
101889,Kestrel Analytics LLC,SMB,South
101890,Cobalt Foods,Mid-Market,South
101891,Marlowe Collective Group,SMB,Northeast
101892,Wrenfield Partners Co,Mid-Market,South
101893,Wrenfield Consulting Co,Enterprise,South
101894,Ironclad Retail Inc,Enterprise,Midwest
101895,Fenway Studios Co,SMB,Northeast
101896,Summit Collective Group,Enterprise,West
101897,Fenway Industries,Enterprise,South
101898,Harborview Ventures Co,SMB,West
101899,Cobalt Group LLC,SMB,West
101900,Bluepeak Studios Inc,SMB,Northeast
101901,Granite Collective Co,Mid-Market,Midwest
101902,Cedar Dynamics Co,Mid-Market,South
101903,Pinnacle Media LLC,SMB,West
101904,Granite Studios Co,Enterprise,Northeast
101905,Marlowe Collective Co,SMB,South
101906,Driftwood Industries Inc,SMB,Midwest
101907,Oakhaven Health Group Inc,Enterprise,Northeast
101908,Nightshade Dynamics Inc,Enterprise,South
101909,Coppertop Consulting Group,Enterprise,Northeast
101910,Summit Works LLC,SMB,South
101911,Pinnacle Partners Co,SMB,South
101912,Wrenfield Analytics LLC,SMB,Midwest
101913,Prairie Industries Inc,SMB,Northeast
101914,Redwood Works,SMB,South
101915,Amber Consulting Inc,Enterprise,Northeast
101916,Amber Ventures LLC,Mid-Market,Midwest
101917,Northwind Coffee Co LLC,SMB,Midwest
101918,Highgate Consulting Inc,SMB,Midwest
101919,Bluepeak Partners LLC,SMB,Midwest
101920,Fernbrook Manufacturing LLC,SMB,Northeast
101921,Prairie Partners,Mid-Market,Northeast
101922,Oakhaven Dynamics Inc,SMB,South
101923,Juniper Studios Group,Enterprise,West
101924,Highgate Collective,SMB,Midwest
101925,Juniper Labs,SMB,Midwest
101926,Oakhaven Holdings Inc,Enterprise,Midwest
101927,Ironclad Traders Group,SMB,Northeast
101928,Amber Foods,SMB,West
101929,Wrenfield Ventures Group,Mid-Market,Midwest
101930,Summit Health Group Group,SMB,Northeast
101931,Pinnacle Manufacturing Group,SMB,Northeast
101932,Ironclad Collective,SMB,Midwest
101933,Marlowe Group,SMB,Midwest
101934,Kestrel Collective Co,SMB,Midwest
101935,Northwind Industries LLC,SMB,Midwest
101936,Kestrel Logistics Co,Enterprise,South
101937,Highgate Foods Inc,Enterprise,South
101938,Cedar Logistics,SMB,West
101939,Highgate Retail,SMB,South
101940,Ironclad Dynamics Inc,SMB,South
101941,Granite Coffee Co Co,SMB,South
101942,Oakhaven Logistics Group,SMB,Midwest
101943,Summit Textiles Inc,Enterprise,South
101944,Kestrel Dynamics Co,SMB,Northeast
101945,Lakeside Media Co,SMB,West
101946,Cedar Systems,Mid-Market,South
101947,Amber Textiles Group,Enterprise,Northeast
101948,Driftwood Partners Co,SMB,Northeast
101949,Prairie Media LLC,SMB,Midwest
101950,Wrenfield Manufacturing LLC,Enterprise,Midwest
101951,Ironclad Consulting LLC,SMB,Midwest
101952,Cobalt Dynamics Co,Mid-Market,Northeast
101953,Redwood Works Group,Mid-Market,South
101954,Marlowe Systems Co,SMB,Northeast
101955,Ridgeline Media LLC,SMB,West
101956,Wrenfield Solutions Group,SMB,Midwest
101957,Ridgeline Retail,SMB,West
101958,Driftwood Labs,SMB,South
101959,Northwind Collective Group,Enterprise,Northeast
101960,Ridgeline Collective Co,Mid-Market,Northeast
101961,Northwind Logistics,Enterprise,South
101962,Marlowe Textiles LLC,Enterprise,West
101963,Amber Manufacturing Co,Mid-Market,Northeast
101964,Bluepeak Analytics Inc,SMB,Midwest
101965,Lumen Solutions,SMB,South
101966,Driftwood Coffee Co LLC,Mid-Market,West
101967,Meadowbrook Labs Group,Mid-Market,Midwest
101968,Fenway Coffee Co LLC,SMB,West
101969,Marlowe Labs,Mid-Market,South
101970,Bluepeak Collective LLC,SMB,South
101971,Bluepeak Solutions Group,SMB,Midwest
101972,Granite Traders Group,Enterprise,Northeast
101973,Amber Coffee Co Group,SMB,South
101974,Lumen Industries LLC,SMB,South
101975,Lakeside Supply Co,Mid-Market,West
101976,Cobalt Supply Inc,Mid-Market,Northeast
101977,Summit Ventures Inc,SMB,South
101978,Solstice Collective Co,Mid-Market,West
101979,Redwood Consulting Group,SMB,West
101980,Oakhaven Foods Co,Mid-Market,South
101981,Granite Holdings LLC,SMB,Northeast
101982,Pinnacle Partners Group,Enterprise,West
101983,Ridgeline Dynamics Co,Enterprise,Midwest
101984,Wrenfield Coffee Co Inc,SMB,West
101985,Oakhaven Foods,SMB,West
101986,Granite Studios Inc,SMB,South
101987,Nightshade Industries Group,Mid-Market,Northeast
101988,Prairie Works Co,Mid-Market,South
101989,Prairie Systems LLC,Mid-Market,West
101990,Meadowbrook Industries Inc,Enterprise,Midwest
101991,Summit Consulting Co,SMB,Midwest
101992,Silver Fox Analytics Group,Mid-Market,Midwest
101993,Lumen Ventures LLC,SMB,Northeast
101994,Lakeside Health Group Inc,Mid-Market,West
101995,Cobalt Systems Group,SMB,South
101996,Oakhaven Labs,Enterprise,South
101997,Amber Retail Co,SMB,West
101998,Northwind Ventures Co,SMB,Northeast
101999,Bluepeak Analytics Co,SMB,West
102000,Meadowbrook Solutions Co,Enterprise,Northeast
102001,Granite Partners,SMB,Midwest
102002,Redwood Health Group Inc,SMB,West
102003,Bluepeak Retail LLC,SMB,South
102004,Meadowbrook Textiles LLC,SMB,Midwest
102005,Lakeside Dynamics Inc,Enterprise,Midwest
102006,Solstice Coffee Co Inc,Enterprise,Midwest
102007,Granite Analytics Group,Enterprise,Midwest
102008,Amber Manufacturing LLC,Enterprise,Midwest
102009,Kestrel Coffee Co,SMB,Midwest
102010,Fernbrook Studios LLC,SMB,Midwest
102011,Prairie Holdings LLC,Mid-Market,Northeast
102012,Marlowe Ventures LLC,Mid-Market,West
102013,Ridgeline Collective Inc,SMB,Midwest
102014,Cedar Collective Group,Mid-Market,Northeast
102015,Fenway Coffee Co Co,SMB,South
102016,Wrenfield Dynamics LLC,SMB,Midwest
102017,Meadowbrook Textiles Group,SMB,South
102018,Summit Dynamics LLC,Enterprise,West
102019,Lakeside Media Inc,Mid-Market,West
102020,Solstice Coffee Co Co,SMB,Northeast
102021,Solstice Labs Co,Enterprise,Northeast
102022,Lumen Media,Enterprise,Northeast
102023,Harborview Media Inc,SMB,Midwest
102024,Lumen Textiles Group,Enterprise,Northeast
102025,Ironclad Textiles Co,SMB,South
102026,Harborview Studios Co,SMB,Midwest
102027,Cobalt Labs LLC,SMB,West
102028,Harborview Health Group,SMB,West
102029,Wrenfield Group Inc,SMB,Midwest
102030,Driftwood Labs Group,SMB,Midwest
102031,Summit Traders Co,SMB,West
102032,Ridgeline Holdings Group,Mid-Market,Midwest
102033,Granite Health Group Co,Mid-Market,South
102034,Nightshade Media LLC,SMB,Midwest
102035,Lakeside Partners LLC,SMB,Midwest
102036,Nightshade Holdings,SMB,Northeast
102037,Harborview Retail Group,Enterprise,Northeast
102038,Wrenfield Dynamics Co,Enterprise,Midwest
102039,Silver Fox Manufacturing,SMB,West
102040,Lakeside Retail Co,Mid-Market,Northeast
102041,Meadowbrook Coffee Co Inc,Mid-Market,West
102042,Oakhaven Works,Enterprise,Midwest
102043,Prairie Systems Co,SMB,Midwest
102044,Northwind Partners LLC,SMB,Midwest
102045,Granite Supply Group,Mid-Market,Midwest
102046,Marlowe Solutions,SMB,South
102047,Nightshade Ventures Group,SMB,Northeast
102048,Lumen Traders LLC,SMB,Northeast
102049,Nightshade Foods Group,SMB,West
102050,Amber Dynamics Co,Mid-Market,Midwest
102051,Lakeside Textiles LLC,Mid-Market,West
102052,Fernbrook Dynamics Inc,SMB,West
102053,Fernbrook Retail Co,Enterprise,South
102054,Ridgeline Analytics Group,SMB,Midwest
102055,Wrenfield Studios,Enterprise,Midwest
102056,Marlowe Studios LLC,SMB,South
102057,Amber Systems LLC,Enterprise,Northeast
102058,Solstice Partners LLC,Enterprise,Midwest
102059,Fenway Group Group,Enterprise,West
102060,Driftwood Studios LLC,Enterprise,Northeast
102061,Fenway Holdings Co,SMB,South
102062,Ironclad Logistics Group,Mid-Market,South
102063,Bluepeak Systems Inc,Mid-Market,West
102064,Harborview Coffee Co,SMB,Midwest
102065,Ironclad Foods Co,Enterprise,West
102066,Harborview Dynamics LLC,SMB,Midwest
102067,Wrenfield Consulting,SMB,South
102068,Harborview Textiles Co,Enterprise,West
102069,Marlowe Solutions Inc,SMB,Northeast
102070,Solstice Studios Group,SMB,South
102071,Ridgeline Studios Inc,SMB,West
102072,Lakeside Manufacturing Inc,Enterprise,Northeast
102073,Lumen Ventures,Enterprise,Midwest
102074,Nightshade Consulting Inc,SMB,West
102075,Coppertop Holdings LLC,Mid-Market,Northeast
102076,Redwood Consulting LLC,Mid-Market,Midwest
102077,Ironclad Traders Inc,Mid-Market,Midwest
102078,Solstice Collective LLC,Mid-Market,West
102079,Silver Fox Analytics LLC,Enterprise,South
102080,Solstice Logistics LLC,SMB,Northeast
102081,Northwind Health Group Co,SMB,Midwest
102082,Silver Fox Partners Inc,Mid-Market,West
102083,Oakhaven Collective Inc,SMB,Midwest
102084,Cedar Foods,SMB,Midwest
102085,Driftwood Textiles Group,SMB,West
102086,Lakeside Retail,SMB,West
102087,Amber Works Group,Enterprise,Midwest
102088,Bluepeak Systems LLC,SMB,Midwest
102089,Wrenfield Partners Group,Mid-Market,Midwest
102090,Wrenfield Traders Group,Enterprise,West
102091,Nightshade Industries LLC,SMB,West
102092,Fenway Industries Co,SMB,West
102093,Bluepeak Systems Co,SMB,Midwest
102094,Northwind Partners Inc,SMB,South
102095,Lakeside Labs,SMB,Midwest
102096,Cedar Labs Inc,Mid-Market,South
102097,Granite Partners Group,SMB,South
102098,Cobalt Textiles Group,SMB,Northeast
102099,Quarrystone Group,SMB,South
102100,Cobalt Consulting LLC,SMB,West
102101,Wrenfield Systems,SMB,South
102102,Redwood Logistics Co,Enterprise,Midwest
102103,Quarrystone Partners LLC,SMB,Midwest
102104,Lakeside Coffee Co Inc,SMB,South
102105,Meadowbrook Ventures LLC,Mid-Market,South
102106,Ridgeline Industries Group,Mid-Market,West
102107,Summit Retail Co,Mid-Market,Northeast
102108,Solstice Manufacturing LLC,SMB,Northeast
102109,Fernbrook Textiles Co,Mid-Market,Northeast
102110,Lumen Labs Group,SMB,Northeast
102111,Granite Holdings Group,Enterprise,West
102112,Lakeside Works,SMB,South
102113,Marlowe Analytics,Mid-Market,Northeast
102114,Oakhaven Consulting LLC,Mid-Market,South
102115,Wrenfield Manufacturing Inc,Mid-Market,Midwest
102116,Coppertop Ventures,SMB,South
102117,Highgate Partners Co,Mid-Market,West
102118,Lakeside Systems Inc,Mid-Market,West
102119,Marlowe Industries,SMB,Northeast
102120,Oakhaven Manufacturing Inc,SMB,Northeast
102121,Meadowbrook Logistics LLC,SMB,Northeast
102122,Redwood Holdings Inc,SMB,South
102123,Granite Textiles Group,Enterprise,Midwest
102124,Silver Fox Health Group,SMB,West
102125,Pinnacle Health Group Co,Mid-Market,South
102126,Harborview Holdings Group,Mid-Market,West
102127,Coppertop Partners Group,Mid-Market,West
102128,Fenway Media LLC,Mid-Market,West
102129,Northwind Foods Group,Mid-Market,West
102130,Juniper Works Co,SMB,West
102131,Amber Partners Inc,SMB,South
102132,Bluepeak Works,Enterprise,West
102133,Coppertop Collective Group,Enterprise,South
102134,Oakhaven Studios,SMB,West
102135,Marlowe Retail Co,Enterprise,South
102136,Pinnacle Supply LLC,Enterprise,South
102137,Ridgeline Textiles Co,SMB,Midwest
102138,Prairie Ventures Inc,Mid-Market,South
102139,Cobalt Collective Co,Mid-Market,West
102140,Amber Logistics Inc,SMB,Northeast
102141,Nightshade Foods Co,SMB,South
102142,Fernbrook Labs Inc,SMB,Midwest
102143,Fernbrook Analytics Co,Enterprise,West
102144,Ironclad Textiles Group,SMB,West
102145,Marlowe Traders LLC,Enterprise,South
102146,Amber Labs Group,Mid-Market,West
102147,Fernbrook Partners Co,Mid-Market,West
102148,Oakhaven Dynamics Co,SMB,West
102149,Bluepeak Solutions Inc,SMB,West
102150,Driftwood Systems Co,SMB,South
102151,Harborview Collective Co,SMB,South
102152,Driftwood Partners LLC,SMB,Midwest
102153,Meadowbrook Supply LLC,SMB,West
102154,Lakeside Retail Group,SMB,Northeast
102155,Fenway Holdings LLC,Mid-Market,Midwest
102156,Silver Fox Partners LLC,SMB,South
102157,Ridgeline Retail LLC,SMB,South
102158,Quarrystone Traders Co,Enterprise,South
102159,Bluepeak Foods Co,SMB,Northeast
102160,Redwood Traders Inc,Enterprise,Northeast
102161,Pinnacle Retail Group,Mid-Market,South
102162,Summit Collective LLC,SMB,Midwest
102163,Juniper Health Group LLC,Enterprise,Midwest
102164,Northwind Labs LLC,Enterprise,Northeast
102165,Ironclad Retail Group,Mid-Market,West
102166,Oakhaven Solutions Co,SMB,Northeast
102167,Prairie Logistics Inc,SMB,Midwest
102168,Cobalt Foods Group,SMB,West
102169,Amber Systems Co,Enterprise,South
102170,Summit Manufacturing,SMB,Northeast
102171,Summit Holdings LLC,SMB,Northeast
102172,Ridgeline Health Group LLC,SMB,Northeast
102173,Northwind Systems,SMB,Northeast
102174,Ridgeline Health Group Inc,SMB,West
102175,Coppertop Media LLC,SMB,Northeast
102176,Prairie Supply Inc,Enterprise,West
102177,Pinnacle Ventures Group,SMB,Midwest
102178,Ironclad Textiles LLC,SMB,West
102179,Northwind Group Group,SMB,Midwest
102180,Lumen Dynamics LLC,SMB,Northeast
102181,Kestrel Solutions Group,Mid-Market,South
102182,Lakeside Labs Group,SMB,Northeast
102183,Silver Fox Consulting Inc,Enterprise,West
102184,Marlowe Dynamics Group,Enterprise,Northeast
102185,Bluepeak Systems Group,Enterprise,South
102186,Fenway Systems LLC,Enterprise,South
102187,Highgate Group Inc,SMB,South
102188,Quarrystone Traders,Mid-Market,Northeast
102189,Quarrystone Traders LLC,SMB,Northeast
102190,Summit Studios,Enterprise,West
102191,Harborview Foods Co,SMB,South
102192,Ironclad Partners Inc,SMB,West
102193,Granite Media Inc,SMB,West
102194,Summit Studios Co,Mid-Market,South
102195,Pinnacle Manufacturing Inc,Mid-Market,South
102196,Granite Group,SMB,Northeast
102197,Oakhaven Labs LLC,SMB,Midwest
102198,Fenway Traders Co,SMB,Northeast
102199,Ridgeline Dynamics LLC,Enterprise,West
102200,Quarrystone Industries,SMB,South
102201,Oakhaven Textiles Co,SMB,Northeast
102202,Kestrel Foods,Mid-Market,Midwest
102203,Oakhaven Studios Co,Mid-Market,Northeast
102204,Juniper Group Co,Enterprise,West
102205,Juniper Group Group,Mid-Market,Midwest
102206,Lakeside Foods Co,Enterprise,Northeast
102207,Oakhaven Studios LLC,SMB,Northeast
102208,Highgate Ventures,SMB,South
102209,Meadowbrook Holdings,Enterprise,West
102210,Prairie Traders Co,SMB,West
102211,Driftwood Coffee Co Inc,Enterprise,West
102212,Fenway Traders,SMB,Midwest
102213,Amber Supply Inc,SMB,Northeast
102214,Summit Group,SMB,South
102215,Solstice Supply LLC,Mid-Market,West
102216,Bluepeak Textiles Inc,Enterprise,West
102217,Wrenfield Labs Co,SMB,South
102218,Ridgeline Studios,SMB,West
102219,Granite Collective Inc,SMB,West
102220,Fernbrook Traders LLC,SMB,Midwest
102221,Northwind Textiles Inc,SMB,Midwest
102222,Northwind Works LLC,Enterprise,Midwest
102223,Redwood Logistics Group,SMB,Northeast
102224,Wrenfield Analytics Group,SMB,West
102225,Meadowbrook Traders Co,SMB,South
102226,Kestrel Solutions LLC,SMB,Northeast
102227,Granite Dynamics Group,SMB,West
102228,Ironclad Labs,Mid-Market,South
102229,Ironclad Labs Co,Mid-Market,West
102230,Summit Group Inc,Enterprise,Northeast
102231,Redwood Health Group Co,SMB,Northeast
102232,Granite Manufacturing Group,Mid-Market,West
102233,Cedar Ventures LLC,Enterprise,Northeast
102234,Prairie Coffee Co Inc,Enterprise,Midwest
102235,Cobalt Studios Group,Enterprise,West
102236,Ironclad Solutions Inc,SMB,West
102237,Summit Coffee Co,Enterprise,Northeast
102238,Pinnacle Coffee Co LLC,Enterprise,Midwest
102239,Cedar Works Co,Enterprise,South
102240,Driftwood Manufacturing Group,Mid-Market,Northeast
102241,Meadowbrook Ventures Inc,Enterprise,West
102242,Wrenfield Retail Inc,SMB,Midwest
102243,Lumen Studios Co,Mid-Market,Northeast
102244,Juniper Partners Inc,Mid-Market,West
102245,Oakhaven Retail Co,Mid-Market,Midwest
102246,Fenway Textiles,Enterprise,Northeast
102247,Highgate Ventures Co,SMB,West
102248,Kestrel Analytics Co,SMB,South
102249,Kestrel Logistics LLC,SMB,Northeast
102250,Fenway Solutions Co,Mid-Market,Midwest
102251,Fernbrook Retail Inc,Mid-Market,Midwest
102252,Amber Collective LLC,Enterprise,West
102253,Ridgeline Works,Enterprise,West
102254,Pinnacle Labs Group,Mid-Market,West
102255,Wrenfield Consulting Inc,SMB,Northeast
102256,Solstice Textiles Group,Mid-Market,Midwest
102257,Harborview Consulting Co,Enterprise,Midwest
102258,Fenway Studios Inc,Mid-Market,Midwest
102259,Highgate Supply,Enterprise,Northeast
102260,Bluepeak Health Group Inc,Enterprise,Northeast
102261,Kestrel Analytics,SMB,Midwest
102262,Fenway Supply Co,Mid-Market,West
102263,Highgate Studios LLC,SMB,Northeast
102264,Ironclad Holdings Co,SMB,South
102265,Fenway Media Inc,SMB,Northeast
102266,Lakeside Analytics Group,SMB,Midwest
102267,Solstice Analytics,SMB,West
102268,Ridgeline Media Co,Mid-Market,West
102269,Lumen Coffee Co,SMB,South
102270,Fernbrook Solutions Group,SMB,West
102271,Fenway Works Co,SMB,Northeast
102272,Juniper Manufacturing,SMB,West
102273,Bluepeak Traders Group,Enterprise,South
102274,Marlowe Textiles Inc,SMB,West
102275,Kestrel Industries Co,SMB,South
102276,Solstice Traders,Enterprise,South
102277,Quarrystone Solutions Co,Enterprise,South
102278,Redwood Logistics,Mid-Market,West
102279,Fernbrook Holdings Co,Enterprise,Northeast
102280,Kestrel Ventures Inc,SMB,South
102281,Northwind Studios Group,Enterprise,South
102282,Driftwood Partners,SMB,Northeast
102283,Bluepeak Collective Co,SMB,Midwest
102284,Silver Fox Solutions Inc,SMB,South
102285,Lakeside Collective Inc,Enterprise,Midwest
102286,Granite Foods,SMB,South
102287,Summit Manufacturing Group,SMB,Midwest
102288,Driftwood Supply LLC,SMB,South
102289,Fernbrook Industries,Mid-Market,West
102290,Ridgeline Health Group,SMB,Northeast
102291,Prairie Health Group LLC,SMB,Midwest
102292,Fernbrook Consulting Inc,SMB,South
102293,Meadowbrook Foods LLC,Enterprise,Midwest
102294,Solstice Holdings,SMB,Midwest
102295,Oakhaven Works Co,Enterprise,South
102296,Marlowe Industries Group,SMB,West
102297,Silver Fox Textiles Group,SMB,Midwest
102298,Coppertop Labs LLC,SMB,Northeast
102299,Lakeside Supply Group,SMB,West
102300,Fenway Traders Group,SMB,West
102301,Oakhaven Manufacturing Group,SMB,Northeast
102302,Driftwood Logistics Inc,Enterprise,Northeast
102303,Fernbrook Manufacturing Group,SMB,Midwest
102304,Driftwood Supply Inc,SMB,Midwest
102305,Ironclad Solutions Group,SMB,South
102306,Kestrel Foods Co,SMB,Midwest
102307,Fernbrook Group,SMB,South
102308,Nightshade Ventures Co,SMB,Midwest
102309,Amber Holdings LLC,SMB,South
102310,Quarrystone Ventures Co,SMB,Northeast
102311,Bluepeak Systems,Enterprise,South
102312,Lakeside Collective LLC,Mid-Market,South
102313,Meadowbrook Partners Co,Enterprise,Northeast
102314,Oakhaven Consulting Group,SMB,West
102315,Redwood Systems LLC,Enterprise,Northeast
102316,Summit Traders,SMB,South
102317,Amber Health Group LLC,SMB,South
102318,Juniper Labs Inc,Enterprise,South
102319,Prairie Consulting,SMB,West
102320,Kestrel Health Group Co,SMB,Northeast
102321,Cedar Traders Co,Enterprise,Midwest
102322,Granite Foods LLC,Mid-Market,West
102323,Lumen Systems Group,SMB,Midwest
102324,Cedar Dynamics LLC,SMB,West
102325,Quarrystone Logistics Co,SMB,South
102326,Pinnacle Works Co,Enterprise,Midwest
102327,Prairie Analytics Co,SMB,South
102328,Kestrel Ventures LLC,SMB,West
102329,Highgate Solutions Inc,SMB,Midwest
102330,Driftwood Systems Inc,Enterprise,West
102331,Cobalt Analytics Group,Enterprise,Midwest
102332,Coppertop Retail Group,SMB,West
102333,Nightshade Logistics Co,Enterprise,West
102334,Cedar Partners,SMB,West
102335,Cedar Supply Inc,Enterprise,Northeast
102336,Summit Systems Group,SMB,Midwest
102337,Summit Supply LLC,SMB,Northeast
102338,Nightshade Labs,SMB,South
102339,Lumen Collective LLC,Enterprise,South
102340,Highgate Partners,Enterprise,Midwest
102341,Marlowe Foods Group,Mid-Market,Northeast
102342,Granite Traders Inc,SMB,South
102343,Pinnacle Studios Inc,SMB,Northeast
102344,Prairie Manufacturing LLC,SMB,Midwest
102345,Prairie Media Group,SMB,South
102346,Kestrel Studios Co,SMB,Northeast
102347,Pinnacle Retail Co,Mid-Market,West
102348,Silver Fox Solutions Group,Mid-Market,Northeast
102349,Marlowe Analytics Group,Enterprise,West
102350,Redwood Foods,SMB,Northeast
102351,Kestrel Works Group,SMB,West
102352,Marlowe Dynamics LLC,SMB,Northeast
102353,Ironclad Supply Group,SMB,West
102354,Lumen Supply Co,Mid-Market,Midwest
102355,Juniper Labs Group,Enterprise,Midwest
102356,Highgate Industries Co,SMB,West
102357,Amber Industries Co,SMB,Midwest
102358,Harborview Logistics LLC,Enterprise,South
102359,Redwood Works Inc,SMB,South
102360,Highgate Collective Inc,SMB,Northeast
102361,Marlowe Studios Inc,Mid-Market,Northeast
102362,Bluepeak Supply Group,Mid-Market,West
102363,Oakhaven Collective LLC,SMB,Midwest
102364,Oakhaven Media,Enterprise,South
102365,Quarrystone Studios Co,Enterprise,Midwest
102366,Fenway Partners LLC,SMB,Northeast
102367,Harborview Dynamics Co,SMB,Midwest
102368,Highgate Dynamics Group,Mid-Market,South
102369,Quarrystone Manufacturing LLC,Mid-Market,Midwest
102370,Marlowe Media Co,SMB,Northeast
102371,Harborview Analytics Inc,SMB,South
102372,Summit Manufacturing LLC,Mid-Market,Northeast
102373,Harborview Media,SMB,Midwest
102374,Bluepeak Media Co,SMB,Midwest
102375,Prairie Ventures Group,SMB,West
102376,Quarrystone Supply,SMB,Midwest
102377,Granite Industries LLC,Enterprise,Northeast
102378,Nightshade Industries,Mid-Market,West
102379,Solstice Industries Group,SMB,Northeast
102380,Northwind Logistics Group,Enterprise,South
102381,Marlowe Media Inc,SMB,West
102382,Fernbrook Works Group,SMB,Midwest
102383,Fernbrook Foods Group,SMB,South
102384,Cedar Manufacturing Inc,Mid-Market,South
102385,Summit Coffee Co Inc,Mid-Market,Midwest
102386,Bluepeak Holdings Co,Enterprise,Northeast
102387,Coppertop Works Group,SMB,Northeast
102388,Summit Supply,SMB,Northeast
102389,Cedar Analytics Group,SMB,Northeast
102390,Ridgeline Holdings Inc,Enterprise,South
102391,Prairie Manufacturing Inc,SMB,West
102392,Fenway Textiles Inc,Mid-Market,South
102393,Amber Dynamics,Mid-Market,Northeast
102394,Silver Fox Group,SMB,West
102395,Redwood Analytics LLC,SMB,Midwest
102396,Meadowbrook Works Co,SMB,Northeast
102397,Highgate Retail LLC,Mid-Market,West
102398,Summit Solutions Group,Enterprise,Midwest
102399,Amber Partners,SMB,South
102400,Quarrystone Works,Enterprise,Northeast
102401,Nightshade Retail Group,SMB,Midwest
102402,Harborview Health Group LLC,SMB,South
102403,Nightshade Textiles Co,Enterprise,Midwest
102404,Cedar Group Inc,Enterprise,Northeast
102405,Redwood Collective Co,SMB,Midwest
102406,Pinnacle Logistics,Mid-Market,West
102407,Wrenfield Retail,Enterprise,South
102408,Fenway Ventures Inc,Enterprise,Midwest
102409,Solstice Works,Mid-Market,Northeast
102410,Kestrel Labs Group,SMB,Northeast
102411,Ridgeline Labs LLC,SMB,West
102412,Fernbrook Systems Inc,Mid-Market,Northeast
102413,Marlowe Supply Group,SMB,West
102414,Wrenfield Manufacturing,SMB,West
102415,Pinnacle Textiles Group,SMB,Midwest
102416,Granite Media Co,SMB,West
102417,Bluepeak Coffee Co Inc,SMB,West
102418,Wrenfield Coffee Co,SMB,South
102419,Highgate Traders,SMB,West
102420,Coppertop Analytics LLC,SMB,South
102421,Summit Ventures,Enterprise,Northeast
102422,Nightshade Ventures LLC,Mid-Market,West
102423,Redwood Textiles LLC,SMB,South
102424,Summit Textiles,SMB,Midwest
102425,Kestrel Media Inc,SMB,West
102426,Nightshade Media,Mid-Market,South
102427,Bluepeak Traders LLC,Mid-Market,West
102428,Silver Fox Analytics Co,Mid-Market,South
102429,Northwind Foods Inc,Mid-Market,Northeast
102430,Redwood Foods Group,SMB,South
102431,Granite Ventures Inc,SMB,West
102432,Oakhaven Logistics,SMB,Northeast
102433,Kestrel Works Inc,SMB,Midwest
102434,Quarrystone Manufacturing Group,SMB,Midwest
102435,Wrenfield Foods,Mid-Market,Northeast
102436,Summit Consulting LLC,SMB,South
102437,Highgate Coffee Co LLC,Mid-Market,Northeast
102438,Cobalt Manufacturing Group,SMB,Northeast
102439,Nightshade Partners Co,SMB,Northeast
102440,Driftwood Ventures LLC,Mid-Market,Northeast
102441,Cobalt Retail Group,SMB,South
102442,Lakeside Ventures,SMB,Northeast
102443,Ridgeline Traders LLC,SMB,Northeast
102444,Fenway Analytics Group,Mid-Market,West
102445,Highgate Textiles Inc,SMB,West
102446,Cedar Manufacturing Group,Enterprise,Northeast
102447,Fernbrook Industries Inc,Enterprise,Midwest
102448,Highgate Textiles,Enterprise,West
102449,Solstice Collective Inc,SMB,West
102450,Fernbrook Supply Group,Mid-Market,West
102451,Solstice Media Group,SMB,West
102452,Marlowe Works Inc,Enterprise,West
102453,Ironclad Industries,SMB,South
102454,Meadowbrook Textiles,SMB,Midwest
102455,Silver Fox Studios Group,SMB,Midwest
102456,Cobalt Solutions Group,Enterprise,South
102457,Fernbrook Works,Enterprise,South
102458,Quarrystone Media Co,SMB,Northeast
102459,Meadowbrook Supply Group,SMB,West
102460,Juniper Consulting Inc,Enterprise,Northeast
102461,Nightshade Logistics,Enterprise,South
102462,Bluepeak Health Group LLC,Enterprise,Northeast
102463,Marlowe Coffee Co,SMB,South
102464,Fernbrook Logistics Co,Mid-Market,Northeast
102465,Lumen Holdings Inc,Enterprise,Northeast
102466,Kestrel Textiles LLC,SMB,West
102467,Cedar Dynamics Group,SMB,Northeast
102468,Lumen Studios Group,SMB,Midwest
102469,Quarrystone Partners Co,SMB,Midwest
102470,Marlowe Logistics Group,Enterprise,South
102471,Driftwood Analytics Inc,SMB,Northeast
102472,Cedar Holdings LLC,SMB,Midwest
102473,Prairie Studios Group,SMB,South
102474,Northwind Solutions Group,Enterprise,South
102475,Driftwood Dynamics Inc,Enterprise,Northeast
102476,Meadowbrook Textiles Co,SMB,West
102477,Kestrel Systems Inc,Mid-Market,South
102478,Meadowbrook Consulting LLC,SMB,Midwest
102479,Cedar Collective Inc,Enterprise,Northeast
102480,Solstice Textiles Inc,Mid-Market,West
102481,Oakhaven Partners Group,SMB,West
102482,Quarrystone Consulting Co,Enterprise,Northeast
102483,Wrenfield Solutions,SMB,Midwest
102484,Redwood Group LLC,Mid-Market,South
102485,Summit Retail,SMB,West
102486,Fernbrook Solutions LLC,Mid-Market,South
102487,Oakhaven Manufacturing,SMB,Northeast
102488,Juniper Group Inc,SMB,West
102489,Meadowbrook Manufacturing Group,SMB,Northeast
102490,Fernbrook Consulting Co,Enterprise,Northeast
102491,Prairie Analytics Group,SMB,West
102492,Solstice Works LLC,Mid-Market,South
102493,Prairie Coffee Co LLC,SMB,South
102494,Granite Logistics,Enterprise,West
102495,Harborview Retail Co,SMB,Midwest
102496,Pinnacle Analytics Group,Mid-Market,West
102497,Nightshade Works Group,Enterprise,South
102498,Prairie Foods Co,SMB,Northeast
102499,Redwood Media,SMB,West
102500,Highgate Retail Co,Enterprise,Northeast
102501,Fenway Solutions LLC,SMB,Midwest
102502,Highgate Dynamics Co,SMB,West
102503,Kestrel Media,SMB,Northeast
102504,Meadowbrook Group Co,Enterprise,West
102505,Ridgeline Holdings LLC,Enterprise,West
102506,Cobalt Supply,Mid-Market,South
102507,Meadowbrook Consulting Inc,Mid-Market,South
102508,Highgate Labs,SMB,West
102509,Solstice Dynamics Group,SMB,Midwest
102510,Pinnacle Manufacturing,SMB,West
102511,Cedar Coffee Co Co,SMB,South
102512,Cobalt Industries Group,SMB,Northeast
102513,Prairie Labs,Mid-Market,West
102514,Bluepeak Labs Inc,SMB,South
102515,Silver Fox Studios,SMB,Northeast
102516,Silver Fox Traders Group,SMB,Northeast
102517,Prairie Dynamics,SMB,Northeast
102518,Granite Manufacturing,SMB,South
102519,Lakeside Industries Inc,SMB,Northeast
102520,Quarrystone Health Group,SMB,Northeast
102521,Fenway Collective,SMB,West
102522,Juniper Industries Co,Enterprise,West
102523,Meadowbrook Traders Group,Enterprise,South
102524,Prairie Textiles LLC,Enterprise,South
102525,Bluepeak Analytics LLC,Mid-Market,South
102526,Amber Retail,Enterprise,South
102527,Cobalt Consulting Group,SMB,Northeast
102528,Wrenfield Foods Co,Mid-Market,Northeast
102529,Ironclad Consulting Group,SMB,West
102530,Kestrel Manufacturing LLC,SMB,West
102531,Kestrel Holdings LLC,SMB,West
102532,Silver Fox Labs Inc,SMB,Midwest
102533,Cedar Traders Inc,Enterprise,Midwest
102534,Coppertop Analytics Group,SMB,Midwest
102535,Driftwood Group,Mid-Market,Northeast
102536,Granite Coffee Co LLC,Enterprise,South
102537,Juniper Textiles Inc,SMB,South
102538,Harborview Logistics Group,SMB,South
102539,Wrenfield Logistics Group,SMB,West
102540,Fenway Systems Group,SMB,Midwest
102541,Pinnacle Dynamics Co,Enterprise,South
102542,Bluepeak Textiles Co,Mid-Market,South
102543,Lakeside Ventures Group,Mid-Market,South
102544,Cedar Supply,SMB,Northeast
102545,Cedar Studios,Mid-Market,Midwest
102546,Fernbrook Industries LLC,Mid-Market,South
102547,Northwind Analytics Inc,SMB,Midwest
102548,Fernbrook Coffee Co,SMB,South
102549,Solstice Health Group Co,SMB,South
102550,Cobalt Coffee Co Group,SMB,South
102551,Summit Foods Inc,Enterprise,West
102552,Silver Fox Coffee Co Group,Mid-Market,South
102553,Marlowe Collective Inc,SMB,South
102554,Juniper Retail LLC,Enterprise,South
102555,Cobalt Health Group LLC,SMB,Northeast
102556,Prairie Analytics,SMB,West
102557,Driftwood Group Group,Enterprise,South
102558,Driftwood Retail LLC,Enterprise,Midwest
102559,Nightshade Textiles,Mid-Market,Midwest
102560,Cedar Analytics Inc,SMB,Northeast
102561,Granite Coffee Co Inc,Enterprise,Northeast
102562,Driftwood Dynamics,Enterprise,South
102563,Bluepeak Works Inc,Mid-Market,South
102564,Northwind Labs,SMB,Midwest
102565,Cedar Retail Co,SMB,Northeast
102566,Northwind Manufacturing LLC,Enterprise,South
102567,Highgate Partners Inc,Enterprise,West
102568,Marlowe Partners,Mid-Market,Midwest
102569,Solstice Collective Group,SMB,West
102570,Coppertop Works Inc,Mid-Market,South
102571,Cedar Consulting Co,SMB,Northeast
102572,Meadowbrook Group Inc,SMB,Northeast
102573,Lumen Dynamics,SMB,West
102574,Lumen Labs LLC,SMB,South
102575,Wrenfield Group Co,Enterprise,West
102576,Fenway Traders Inc,SMB,South
102577,Harborview Supply Co,SMB,South
102578,Ironclad Supply,Enterprise,Northeast
102579,Meadowbrook Works Group,Mid-Market,Northeast
102580,Fenway Textiles Group,SMB,West
102581,Prairie Manufacturing,SMB,Midwest
102582,Ridgeline Collective Group,Enterprise,Midwest
102583,Ridgeline Supply Co,SMB,Midwest
102584,Coppertop Solutions Inc,SMB,South
102585,Ridgeline Group Inc,SMB,South
102586,Meadowbrook Logistics Inc,SMB,South
102587,Highgate Traders LLC,Mid-Market,Midwest
102588,Fernbrook Holdings LLC,SMB,Northeast
102589,Harborview Retail,SMB,Northeast
102590,Quarrystone Coffee Co Group,SMB,Midwest
102591,Harborview Works Group,SMB,Northeast
102592,Fenway Ventures Group,SMB,Northeast
102593,Marlowe Works Group,Enterprise,South
102594,Prairie Labs LLC,SMB,Midwest
102595,Wrenfield Media LLC,SMB,South
102596,Redwood Collective,SMB,South
102597,Juniper Foods LLC,Mid-Market,Midwest
102598,Juniper Solutions LLC,SMB,Northeast
102599,Fernbrook Traders Co,Enterprise,Northeast
102600,Cobalt Dynamics Inc,Mid-Market,South
102601,Silver Fox Foods Group,SMB,South
102602,Ironclad Labs LLC,Mid-Market,South
102603,Bluepeak Industries Group,SMB,Northeast
102604,Ironclad Industries LLC,Enterprise,South
102605,Juniper Foods Group,Enterprise,South
102606,Juniper Partners Group,SMB,West
102607,Fenway Textiles Co,Mid-Market,Midwest
102608,Ridgeline Studios Group,SMB,Northeast
102609,Driftwood Logistics LLC,SMB,Midwest
102610,Lakeside Systems,Enterprise,South
102611,Pinnacle Analytics,Enterprise,Northeast
102612,Oakhaven Ventures LLC,SMB,West
102613,Redwood Coffee Co Group,Mid-Market,Northeast
102614,Kestrel Consulting Group,Mid-Market,South
102615,Marlowe Supply,SMB,South
102616,Meadowbrook Coffee Co LLC,Mid-Market,Northeast
102617,Ridgeline Industries Inc,Mid-Market,Northeast
102618,Redwood Dynamics LLC,Enterprise,Midwest
102619,Harborview Foods LLC,Enterprise,Midwest
102620,Fenway Health Group,SMB,South
102621,Redwood Partners,SMB,South
102622,Lakeside Logistics LLC,SMB,South
102623,Cedar Manufacturing,SMB,West
102624,Silver Fox Consulting,SMB,Midwest
102625,Solstice Works Inc,Enterprise,Midwest
102626,Solstice Dynamics Inc,SMB,West
102627,Ironclad Ventures Inc,Mid-Market,Northeast
102628,Fenway Supply,SMB,Midwest
102629,Summit Group LLC,SMB,Midwest
102630,Lumen Collective Co,Enterprise,West
102631,Cedar Foods Co,Mid-Market,South
102632,Lakeside Group Inc,SMB,Northeast
102633,Marlowe Manufacturing Group,Enterprise,South
102634,Cobalt Group,SMB,Northeast
102635,Lumen Manufacturing Inc,SMB,West
102636,Northwind Solutions Co,SMB,Midwest
102637,Cobalt Holdings Co,Mid-Market,West
102638,Highgate Systems,SMB,Northeast
102639,Amber Foods Inc,Enterprise,South
102640,Juniper Works,SMB,Northeast
102641,Wrenfield Supply Co,SMB,Midwest
102642,Lakeside Dynamics Group,Enterprise,Midwest
102643,Prairie Dynamics LLC,SMB,Northeast
102644,Ironclad Industries Inc,SMB,Northeast
102645,Ironclad Partners Group,SMB,Northeast
102646,Silver Fox Supply Group,SMB,West
102647,Coppertop Holdings Inc,SMB,South
102648,Silver Fox Foods,SMB,West
102649,Summit Traders LLC,Mid-Market,Northeast
102650,Juniper Labs Co,SMB,West
102651,Cedar Retail Inc,SMB,South
102652,Silver Fox Collective,Mid-Market,Midwest
102653,Northwind Collective,SMB,Midwest
102654,Oakhaven Traders Group,Mid-Market,Midwest
102655,Meadowbrook Studios Group,Mid-Market,South
102656,Quarrystone Retail LLC,SMB,South
102657,Driftwood Works LLC,SMB,Northeast
102658,Marlowe Coffee Co LLC,SMB,South
102659,Oakhaven Coffee Co,SMB,West
102660,Redwood Industries Inc,SMB,South
102661,Nightshade Retail Co,Mid-Market,South
102662,Kestrel Collective LLC,Mid-Market,South
102663,Summit Analytics,SMB,Northeast
102664,Nightshade Health Group Group,Enterprise,West
102665,Prairie Solutions,SMB,Midwest
102666,Fernbrook Partners Group,Enterprise,South
102667,Coppertop Partners Inc,Enterprise,Northeast
102668,Amber Retail LLC,SMB,Northeast
102669,Lumen Analytics,SMB,West
102670,Lakeside Dynamics,SMB,South
102671,Juniper Systems Inc,Enterprise,West
102672,Silver Fox Studios Co,SMB,South
102673,Juniper Collective Inc,Enterprise,West
102674,Ironclad Group Co,SMB,South
102675,Pinnacle Media Inc,SMB,West
102676,Wrenfield Systems Co,Mid-Market,Northeast
102677,Amber Foods Group,SMB,South
102678,Kestrel Systems Group,SMB,Northeast
102679,Cobalt Industries Inc,Enterprise,West
102680,Kestrel Ventures,SMB,Northeast
102681,Prairie Health Group Co,Enterprise,Northeast
102682,Fernbrook Retail Group,Enterprise,Northeast
102683,Harborview Manufacturing Co,SMB,Northeast
102684,Amber Logistics Co,SMB,South
102685,Ridgeline Industries,SMB,South
102686,Granite Health Group Group,Mid-Market,West
102687,Juniper Partners,Enterprise,Midwest
102688,Oakhaven Coffee Co LLC,Enterprise,Midwest
102689,Bluepeak Consulting Group,Enterprise,Midwest
102690,Coppertop Collective Co,SMB,West
102691,Coppertop Health Group LLC,SMB,South
102692,Silver Fox Media LLC,SMB,Northeast
102693,Fenway Industries LLC,Enterprise,Northeast
102694,Cobalt Solutions Inc,SMB,West
102695,Lakeside Holdings Inc,SMB,South
102696,Silver Fox Logistics Group,SMB,Northeast
102697,Marlowe Retail Inc,SMB,Northeast
102698,Fenway Retail LLC,SMB,West
102699,Silver Fox Collective LLC,SMB,South
102700,Redwood Manufacturing Group,Enterprise,West
102701,Lumen Textiles Inc,Enterprise,West
102702,Cedar Industries LLC,SMB,West
102703,Lakeside Health Group,Enterprise,Midwest
102704,Lakeside Collective,SMB,South
102705,Cedar Foods Inc,Enterprise,Midwest
102706,Redwood Manufacturing,SMB,Northeast
102707,Oakhaven Collective,Mid-Market,Northeast
102708,Northwind Consulting,SMB,West
102709,Fenway Dynamics Group,SMB,Midwest
102710,Quarrystone Coffee Co Co,Mid-Market,Midwest
102711,Pinnacle Partners,Enterprise,South
102712,Juniper Coffee Co Group,Enterprise,Northeast
102713,Coppertop Analytics Inc,SMB,West
102714,Highgate Group LLC,SMB,West
102715,Prairie Collective Co,Enterprise,West
102716,Coppertop Coffee Co,SMB,West
102717,Driftwood Dynamics Co,SMB,West
102718,Wrenfield Health Group,SMB,South
102719,Lakeside Dynamics Co,SMB,South
102720,Redwood Holdings,SMB,Northeast
102721,Summit Systems LLC,SMB,Midwest
102722,Kestrel Holdings,Mid-Market,South
102723,Meadowbrook Logistics Co,Mid-Market,Northeast
102724,Coppertop Dynamics Co,Enterprise,Northeast
102725,Redwood Group Co,Mid-Market,Midwest
102726,Northwind Industries Group,SMB,West
102727,Summit Solutions Co,Enterprise,West
102728,Fernbrook Media LLC,Mid-Market,South
102729,Solstice Consulting LLC,SMB,West
102730,Ironclad Systems Group,SMB,West
102731,Quarrystone Textiles Group,Mid-Market,West
102732,Harborview Retail Inc,Mid-Market,South
102733,Silver Fox Health Group Inc,Mid-Market,South
102734,Solstice Health Group Group,Enterprise,South
102735,Lumen Holdings LLC,Enterprise,Northeast
102736,Cobalt Works LLC,Enterprise,Northeast
102737,Ironclad Collective LLC,Mid-Market,Midwest
102738,Kestrel Solutions Co,Enterprise,South
102739,Oakhaven Partners Inc,Enterprise,West
102740,Wrenfield Industries Group,SMB,South
102741,Bluepeak Manufacturing Inc,Mid-Market,South
102742,Highgate Solutions Group,SMB,Northeast
102743,Kestrel Traders Inc,SMB,Midwest
102744,Coppertop Supply Inc,SMB,Midwest
102745,Harborview Group LLC,SMB,South
102746,Highgate Holdings Co,SMB,Northeast
102747,Bluepeak Solutions Co,SMB,Northeast
102748,Marlowe Systems,SMB,South
102749,Juniper Retail Co,Mid-Market,Northeast
102750,Granite Studios Group,Enterprise,South
102751,Juniper Traders LLC,Enterprise,West
102752,Cobalt Holdings,SMB,South
102753,Redwood Solutions Inc,SMB,Midwest
102754,Highgate Group,Enterprise,Northeast
102755,Northwind Holdings,SMB,Midwest
102756,Ironclad Group LLC,Enterprise,Midwest
102757,Highgate Holdings Group,Mid-Market,South
102758,Cedar Media LLC,SMB,West
102759,Solstice Coffee Co,SMB,Northeast
102760,Juniper Media Co,SMB,Northeast
102761,Silver Fox Holdings Co,SMB,Midwest
102762,Lumen Solutions Inc,SMB,Midwest
102763,Fernbrook Industries Group,Enterprise,South
102764,Silver Fox Logistics Inc,Mid-Market,Midwest
102765,Wrenfield Consulting Group,SMB,Northeast
102766,Highgate Foods LLC,SMB,Midwest
102767,Meadowbrook Ventures Group,SMB,South
102768,Lakeside Textiles Group,SMB,Midwest
102769,Nightshade Works Co,Mid-Market,Northeast
102770,Juniper Media,Mid-Market,South
102771,Redwood Systems Group,Enterprise,West
102772,Meadowbrook Labs Co,SMB,Northeast
102773,Lumen Labs Inc,SMB,West
102774,Quarrystone Dynamics LLC,Enterprise,Northeast
102775,Juniper Textiles LLC,Mid-Market,Northeast
102776,Bluepeak Works LLC,Mid-Market,West
102777,Nightshade Analytics LLC,SMB,Northeast
102778,Redwood Labs,Enterprise,South
102779,Juniper Studios Inc,SMB,Northeast
102780,Ironclad Systems Inc,SMB,South
102781,Lumen Media Co,Enterprise,Midwest
102782,Cobalt Coffee Co LLC,SMB,West
102783,Nightshade Labs LLC,Enterprise,West
102784,Northwind Media Group,SMB,West
102785,Wrenfield Health Group Group,SMB,Northeast
102786,Amber Holdings Group,SMB,West
102787,Coppertop Textiles Co,Enterprise,Midwest
102788,Cobalt Textiles Inc,Enterprise,West
102789,Lakeside Consulting,SMB,South
102790,Cobalt Labs,SMB,Northeast
102791,Solstice Foods Group,SMB,Midwest
102792,Lumen Logistics Co,SMB,West
102793,Juniper Retail Inc,Mid-Market,South
102794,Quarrystone Solutions,SMB,Northeast
102795,Pinnacle Coffee Co Group,SMB,Midwest
102796,Ironclad Works Group,SMB,Northeast
102797,Granite Systems,Mid-Market,South
102798,Silver Fox Labs Co,Mid-Market,Northeast
102799,Fernbrook Health Group Group,Mid-Market,West
102800,Bluepeak Industries Co,Mid-Market,Northeast
102801,Quarrystone Holdings Co,Enterprise,West
102802,Summit Logistics,SMB,Northeast
102803,Driftwood Foods LLC,Enterprise,Northeast
102804,Coppertop Group Inc,Mid-Market,West
102805,Quarrystone Logistics Inc,SMB,West
102806,Nightshade Manufacturing Co,Enterprise,Northeast
102807,Ridgeline Retail Co,Mid-Market,Northeast
102808,Prairie Dynamics Co,Mid-Market,Midwest
102809,Bluepeak Foods,SMB,West
102810,Quarrystone Studios Group,SMB,Northeast
102811,Lumen Retail Inc,Enterprise,West
102812,Driftwood Solutions Inc,SMB,Northeast
102813,Driftwood Collective Group,SMB,South
102814,Summit Labs Co,SMB,West
102815,Coppertop Traders,SMB,Northeast
102816,Oakhaven Manufacturing Co,Enterprise,Northeast
102817,Coppertop Supply Group,Mid-Market,West
102818,Oakhaven Ventures Inc,Enterprise,Midwest
102819,Lumen Consulting Group,SMB,Midwest
102820,Pinnacle Traders Co,SMB,Midwest
102821,Fernbrook Works Co,SMB,Northeast
102822,Cedar Partners Group,SMB,Northeast
102823,Ironclad Foods Inc,Mid-Market,Northeast
102824,Highgate Studios Group,SMB,Midwest
102825,Granite Partners Co,SMB,Northeast
102826,Prairie Logistics,Enterprise,Northeast
102827,Lakeside Traders Co,Mid-Market,Northeast
102828,Coppertop Systems Group,SMB,West
102829,Summit Manufacturing Inc,Mid-Market,Northeast
102830,Fenway Supply Group,SMB,South
102831,Silver Fox Textiles,Enterprise,South
102832,Harborview Consulting Inc,Mid-Market,West
102833,Solstice Traders Co,SMB,West
102834,Ironclad Holdings LLC,SMB,Midwest
102835,Lakeside Group LLC,SMB,West
102836,Ironclad Logistics Co,Mid-Market,Northeast
102837,Kestrel Holdings Inc,SMB,Northeast
102838,Fenway Collective LLC,Mid-Market,South
102839,Northwind Solutions LLC,SMB,Midwest
102840,Silver Fox Group Inc,SMB,Northeast
102841,Lakeside Textiles,SMB,South
102842,Coppertop Foods LLC,SMB,South
102843,Lumen Consulting LLC,SMB,West
102844,Northwind Manufacturing Group,Mid-Market,West
102845,Pinnacle Traders LLC,Enterprise,South
102846,Cobalt Textiles,SMB,Midwest
102847,Northwind Works Inc,Mid-Market,Northeast
102848,Pinnacle Coffee Co Co,SMB,Midwest
102849,Meadowbrook Traders,Mid-Market,Northeast
102850,Cobalt Coffee Co Inc,SMB,South
102851,Pinnacle Systems Group,Mid-Market,West
102852,Kestrel Ventures Co,SMB,South
102853,Lumen Works,SMB,West
102854,Solstice Retail Co,Mid-Market,South
102855,Oakhaven Solutions LLC,SMB,Midwest
102856,Driftwood Coffee Co,SMB,Northeast
102857,Nightshade Health Group Inc,SMB,Northeast
102858,Solstice Health Group LLC,Enterprise,South
102859,Fenway Retail Group,SMB,West
102860,Juniper Holdings Co,SMB,Midwest
102861,Oakhaven Ventures,Enterprise,Midwest
102862,Highgate Holdings Inc,Mid-Market,Northeast
102863,Marlowe Traders Group,SMB,Midwest
102864,Nightshade Foods LLC,Mid-Market,West
102865,Solstice Supply,SMB,South
102866,Lakeside Partners Inc,SMB,South
102867,Coppertop Manufacturing Group,SMB,Midwest
102868,Silver Fox Health Group Group,Enterprise,Northeast
102869,Solstice Logistics Inc,Enterprise,West
102870,Highgate Holdings,SMB,Northeast
102871,Driftwood Labs Inc,SMB,Northeast
102872,Harborview Works LLC,SMB,Midwest
102873,Solstice Retail LLC,SMB,Midwest
102874,Juniper Textiles,SMB,Northeast
102875,Fenway Media Group,Mid-Market,Midwest
102876,Harborview Foods,SMB,Midwest
102877,Lakeside Ventures Co,Enterprise,West
102878,Juniper Group LLC,SMB,South
102879,Juniper Textiles Co,SMB,West
102880,Highgate Labs Group,SMB,Midwest
102881,Lakeside Labs Co,Mid-Market,South
102882,Cedar Partners LLC,SMB,West
102883,Driftwood Studios,SMB,Northeast
102884,Lakeside Coffee Co Co,SMB,Northeast
102885,Lumen Ventures Group,Mid-Market,South
102886,Northwind Textiles,Enterprise,Northeast
102887,Oakhaven Health Group Group,SMB,Midwest
102888,Cobalt Group Inc,SMB,Northeast
102889,Silver Fox Traders LLC,SMB,Northeast
102890,Quarrystone Logistics LLC,SMB,Northeast
102891,Juniper Health Group Inc,Enterprise,Northeast
102892,Summit Health Group,SMB,West
102893,Cobalt Coffee Co,Mid-Market,Northeast
102894,Amber Textiles LLC,Enterprise,West
102895,Fernbrook Labs LLC,Mid-Market,Northeast
102896,Coppertop Coffee Co Group,SMB,South
102897,Northwind Holdings Co,Mid-Market,South
102898,Juniper Traders Inc,SMB,Northeast
102899,Cobalt Works Co,SMB,Midwest
102900,Meadowbrook Systems Inc,Enterprise,West
102901,Cedar Works Group,SMB,Northeast
102902,Nightshade Coffee Co LLC,SMB,South
102903,Pinnacle Labs LLC,SMB,Northeast
102904,Amber Group Group,SMB,Northeast
102905,Cedar Coffee Co,Mid-Market,Northeast
102906,Marlowe Media LLC,Enterprise,South
102907,Ridgeline Ventures LLC,Mid-Market,Midwest
102908,Fenway Collective Group,SMB,South
102909,Quarrystone Supply Group,SMB,Midwest
102910,Fenway Media,SMB,South
102911,Ridgeline Labs Co,SMB,West
102912,Amber Coffee Co Co,Enterprise,West
102913,Lakeside Works Co,Mid-Market,Midwest
102914,Solstice Group Co,Enterprise,West
102915,Marlowe Industries Inc,Enterprise,West
102916,Meadowbrook Dynamics Co,SMB,Northeast
102917,Redwood Foods Co,Mid-Market,Northeast
102918,Lakeside Works Group,Mid-Market,West
102919,Solstice Supply Inc,Enterprise,Northeast
102920,Summit Collective Inc,SMB,South
102921,Solstice Dynamics Co,Mid-Market,Midwest
102922,Coppertop Media,SMB,Northeast
102923,Cobalt Ventures Co,Mid-Market,South
102924,Prairie Retail Co,Enterprise,South
102925,Bluepeak Traders Inc,Enterprise,Northeast
102926,Silver Fox Works LLC,SMB,West
102927,Harborview Collective Inc,SMB,Midwest
102928,Quarrystone Ventures Inc,Enterprise,Midwest
102929,Driftwood Works Group,Mid-Market,South
102930,Nightshade Media Group,Enterprise,West
102931,Bluepeak Partners,SMB,Midwest
102932,Wrenfield Holdings,Enterprise,South
102933,Ironclad Dynamics Co,Mid-Market,Northeast
102934,Amber Traders Group,SMB,West
102935,Driftwood Consulting,SMB,South
102936,Wrenfield Collective Group,Mid-Market,South
102937,Kestrel Dynamics Inc,SMB,Midwest
102938,Amber Partners Co,Enterprise,Northeast
102939,Solstice Studios Inc,Mid-Market,Northeast
102940,Pinnacle Textiles Inc,SMB,South
102941,Meadowbrook Foods Co,SMB,South
102942,Coppertop Holdings,Enterprise,West
102943,Coppertop Solutions,Mid-Market,Midwest
102944,Amber Systems,Enterprise,South
102945,Pinnacle Studios Group,Enterprise,West
102946,Ridgeline Solutions LLC,Mid-Market,Northeast
102947,Solstice Media,Enterprise,Northeast
102948,Harborview Group Group,Mid-Market,Northeast
102949,Nightshade Systems LLC,SMB,Northeast
102950,Pinnacle Systems Inc,SMB,South
102951,Redwood Media LLC,SMB,South
102952,Northwind Health Group LLC,Mid-Market,Midwest
102953,Northwind Dynamics Inc,SMB,South
102954,Fernbrook Studios,Mid-Market,Northeast
102955,Northwind Group,Enterprise,South
102956,Ridgeline Holdings Co,SMB,South
102957,Kestrel Manufacturing,SMB,West
102958,Kestrel Coffee Co Inc,Mid-Market,West
102959,Cedar Holdings,SMB,West
102960,Prairie Retail,Enterprise,South
102961,Northwind Media Co,SMB,Northeast
102962,Nightshade Manufacturing LLC,SMB,West
102963,Silver Fox Systems Group,Mid-Market,South
102964,Quarrystone Holdings,SMB,South
102965,Fernbrook Partners Inc,SMB,Midwest
102966,Meadowbrook Health Group Group,SMB,Northeast
102967,Amber Group Co,SMB,West
102968,Northwind Traders LLC,Enterprise,West
102969,Solstice Foods Co,SMB,West
102970,Solstice Solutions Co,SMB,South
102971,Oakhaven Retail,SMB,West
102972,Ridgeline Supply,SMB,West
102973,Pinnacle Retail Inc,SMB,South
102974,Juniper Partners LLC,Enterprise,Midwest
102975,Driftwood Consulting LLC,SMB,West
102976,Prairie Health Group Inc,Mid-Market,Northeast
102977,Lakeside Works LLC,SMB,South
102978,Ironclad Industries Group,SMB,West
102979,Pinnacle Group Co,SMB,West
102980,Nightshade Coffee Co Group,Mid-Market,South
102981,Redwood Dynamics,Enterprise,Midwest
102982,Redwood Coffee Co,SMB,West
102983,Amber Industries,Enterprise,South
102984,Pinnacle Foods,SMB,South
102985,Highgate Health Group Co,Mid-Market,Midwest
102986,Marlowe Partners Group,Mid-Market,South
102987,Fernbrook Supply,SMB,Midwest
102988,Oakhaven Labs Group,SMB,Northeast
102989,Quarrystone Media Inc,SMB,South
102990,Juniper Systems LLC,Mid-Market,West
102991,Solstice Industries,SMB,West
102992,Bluepeak Retail Co,Enterprise,West
102993,Prairie Health Group Group,SMB,South
102994,Juniper Solutions Inc,Enterprise,Midwest
102995,Marlowe Partners Co,SMB,Northeast
102996,Lumen Media LLC,Mid-Market,Northeast
102997,Solstice Traders Group,SMB,South
102998,Pinnacle Industries Inc,SMB,West
102999,Marlowe Group LLC,SMB,West
103000,Cobalt Foods Co,Mid-Market,South
